"一级","二级","证书名","证书id","证书编码","别名"
_,_,话务员等级证,_,_
英语类,--,大学英语四级,100003,"0/100001/100002/100003","大学英语四级,英语四级,大学英语四级证书,四级证书,CET-4,大学英语四级证,英语四级证书,cet4,英语四级证,全国大学英语四级,College English Test Band 4 (CET4)"
英语类,--,大学英语六级,100004,"0/100001/100002/100004","大学英语六级,英语六级证书,大学英语六级证,大学英语六级证书,cet-6,cet6,英语六级,英语六级证,六级证书,全国大学英语六级,College English Test Band 6 (CET6)"
英语类,雅思IELTS,雅思,100006,"0/100001/100005/100006","雅思,IELTS 5.5"
英语类,托福,托福,100006,"0/100001/100005/100006","托福,IELTS 5.5"
英语类,--,英语专业四级,100014,"0/100001/100002/100014","专四,英语专业四级,专业英语四级TEM4,TEM4,English Level 4"
英语类,--,英语专业八级,100015,"0/100001/100002/100015","专八,英语专业八级,专业英语八级TEM8,TEM8,English major level 8"
英语类,BEC剑桥商务英语,BEC剑桥商务英语初级,100038,"0/100001/100037/100038","BEC Pre.,BEC剑桥商务英语初级,剑桥商务英语初级,BEC Preliminary"
英语类,BEC剑桥商务英语,BEC剑桥商务英语中级,100039,"0/100001/100037/100039","BEC Van.,剑桥商务英语中级,BEC剑桥商务英语中级,BEC Intermediate"
英语类,BEC剑桥商务英语,BEC剑桥商务英语高级,100040,"0/100001/100037/100040","BEC剑桥商务英语高级,BEC Hi.,剑桥商务英语高级,BEC Advanced"
英语类,PETS全国英语等级考试,全国英语等级考试PETS-1,100042,"0/100001/100041/100042","全国英语等级考试PETS-1,PETS1,全国公共英语PETS1,PETS-1"
英语类,PETS全国英语等级考试,全国英语等级考试PETS-2,100043,"0/100001/100041/100043","全国公共英语PETS2,全国英语等级考试PETS-2,PETS2,PETS-2"
英语类,PETS全国英语等级考试,全国英语等级考试PETS-3,100044,"0/100001/100041/100044","全国英语等级考试PETS-3,全国公共英语PETS3,PETS3,PETS-3"
英语类,PETS全国英语等级考试,全国英语等级考试PETS-4,100045,"0/100001/100041/100045","全国公共英语PETS4,全国英语等级考试PETS-4,PETS4,PETS-4"
英语类,PETS全国英语等级考试,全国英语等级考试PETS-5,100046,"0/100001/100041/100046","全国公共英语PETS5,全国英语等级考试PETS-5,PETS5,PETS-5"
英语类,CATTI英语翻译资格证书,CATTI英语一级口译,100048,"0/100001/100047/100048","CATTI英语一级口译,英语一级口译,CATTI Level 1 English Interpretation"
英语类,CATTI英语翻译资格证书,CATTI英语二级口译,100049,"0/100001/100047/100049","CATTI英语二级口译,英语二级口译,CATTI Level 2 English Interpretation"
英语类,CATTI英语翻译资格证书,CATTI英语三级口译,100050,"0/100001/100047/100050","英语三级口译,CATTI英语三级口译,CATTI Level 3 English Interpretation"
英语类,CATTI英语翻译资格证书,CATTI英语一级笔译,100051,"0/100001/100047/100051","CATTI英语一级笔译,英语一级笔译,CATTI Level 1 English Translation"
英语类,CATTI英语翻译资格证书,CATTI英语二级笔译,100052,"0/100001/100047/100052","CATTI英语二级笔译,英语二级笔译,CATTI Level 2 English Translation"
英语类,CATTI英语翻译资格证书,CATTI英语三级笔译,100053,"0/100001/100047/100053","CATTI英语三级笔译,英语三级笔译,CATTI Level 3 English Translation"
英语类,CATTI英语翻译资格证书,CATTI英语资深翻译,100054,"0/100001/100047/100054","CATTI英语资深翻译,英语资深翻译,CATTI Senior English Translator"
英语类,上海外语口译证书,上海外语口译英语口译基础能力,100056,"0/100001/100055/100056","上海英语口译初级,上海外语口译英语口译基础能力,SIA,英语初级口译,Shanghai Basic English Interpretation Qualification"
英语类,上海外语口译证书,上海外语口译英语中级口译,100057,"0/100001/100055/100057","上海英语口译中级,英语中级口译,上海外语口译英语中级口译,Shanghai Intermediate English Interpretation"
英语类,上海外语口译证书,上海外语口译英语高级口译,100058,"0/100001/100055/100058","英语高级口译,上海外语口译英语高级口译,上海英语口译高级,Shanghai Advanced English Interpretation"
英语类,ETTBL商务英语口译证书,ETTBL商务英语初级口译,100060,"0/100001/100059/100060","ETTBL商务英语初级口译,ETTBL Primary Business English Interpretation"
英语类,ETTBL商务英语口译证书,ETTBL商务英语中级口译,100061,"0/100001/100059/100061","ETTBL商务英语中级口译,ETTBL Intermediate Business English Interpretation"
英语类,ETTBL商务英语口译证书,ETTBL商务英语高级口译,100062,"0/100001/100059/100062","ETTBL商务英语高级口译,ETTBL Advanced Business English Interpretation"
英语类,ETTBL商务英语笔译证书,ETTBL商务英语初级笔译,100064,"0/100001/100063/100064","ETTBL商务英语初级笔译,ETTBL Primary Business English Translation"
英语类,ETTBL商务英语笔译证书,ETTBL商务英语中级笔译,100065,"0/100001/100063/100065","ETTBL商务英语中级笔译,ETTBL Intermediate Business English Translation"
英语类,ETTBL商务英语笔译证书,ETTBL商务英语高级笔译,100066,"0/100001/100063/100066","ETTBL商务英语高级笔译,ETTBL Advanced Business English Translation"
英语类,--,TOEIC Bridge托业桥英语证书,100067,"0/100001/100002/100067","TOEIC Bridge托业桥英语证书,TOEIC Bridge English Certificate"
英语类,高等学校英语应用能力考试,高等学校英语应用能力A级,100069,"0/100001/100068/100069","高等学校英语应用能力A级,PRETCO Level A"
英语类,高等学校英语应用能力考试,高等学校英语应用能力B级,100070,"0/100001/100068/100070","高等学校英语应用能力B级,PRETCO Level B"
外语类,日语等级考试,日语N1,100073,"0/100071/100072/100073","日语一级证书N1,日语N1,JLPT N1,日语一级,国际日语能力测试一级,Japanese-Language Proficiency Test Level 1"
外语类,日语等级考试,日语N2,100074,"0/100071/100072/100074","日语N2,日语二级证书N2,JLPT N2,日语二级,国际日语能力测试二级,Japanese-Language Proficiency Test Level 2"
外语类,日语等级考试,日语N3,100075,"0/100071/100072/100075","日语N3,JLPT N3,日语三级证书N3,日语三级"
外语类,日语等级考试,日语N4,100076,"0/100071/100072/100076","日语N4,日语四级证书N4,JLPT N4,日语四级,国际日语能力测试三级,Japanese-Language Proficiency Test Level 3"
外语类,日语等级考试,日语N5,100077,"0/100071/100072/100077","日语N5,日语五级,日语五级证书N5,JLPT N5,国际日语能力测试四级,Japanese-Language Proficiency Test Level 4"
外语类,--,日语专业八级,100079,"0/100071/100078/100079","日语专业八级,专业日语八级,NSS8,大学日语专业考试八级,NSS-8,Japanese Language Professional Level 8 (NSS8)"
外语类,--,日语专业四级,100080,"0/100071/100078/100080","日语专业四级,NSS4,专业日语四级,大学日语专业考试四级,NSS-4,Japanese Language Professional Level 4 (NSS4)"
外语类,--,大学日语四级,100081,"0/100071/100078/100081","大学日语四级考试,CJT4,大学日语四级,日语四级,College Japanese Level 4"
外语类,--,大学日语六级,100082,"0/100071/100078/100082","CJT6,日语六级,大学日语六级,大学日语六级考试,College Japanese Level 6"
外语类,--,德语专业四级,100083,"0/100071/100078/100083","PGG4,专业德语四级,德语专四,德语专业四级,German Level 4"
外语类,德福TestDaF,德福TestDaF3级（TDN3）,100085,"0/100071/100084/100085","德福三级,TDN3,德福TestDaF3级（TDN3）,TestDaF Level 3 (TDN3)"
外语类,德福TestDaF,德福TestDaF4级（TDN4）,100086,"0/100071/100084/100086","德福四级,TDN4,德福TestDaF4级（TDN4）,TestDaF Level 4 (TDN4)"
外语类,德福TestDaF,德福TestDaF5级（TDN5）,100087,"0/100071/100084/100087","TDN5,德福TestDaF5级（TDN5）,德福五级,TestDaF Level 5 (TDN5)"
外语类,--,德语专业八级,100088,"0/100071/100078/100088","专业德语八级,德语专八,德语专业八级,PGG8,German Language Test Level 8"
外语类,--,西班牙语专业四级,100089,"0/100071/100078/100089","四级专业西班牙语,专业西班牙语四级,专业四级西班牙语,西班牙语四级专业,西班牙语专业四级,西班牙语专四,Spanish Language Test Level 4"
外语类,--,西班牙语专业八级,100090,"0/100071/100078/100090","专业八级西班牙语,八级专业西班牙语,专业西班牙语八级,西班牙语专业八级,西班牙语八级专业,西班牙语专八,Spanish Language Test Level 8"
外语类,西班牙语DELE考试,西班牙语DELE A1级,100092,"0/100071/100091/100092","西班牙语DELE A1级,Spanish DELE A1"
外语类,西班牙语DELE考试,西班牙语DELE A2级,100093,"0/100071/100091/100093","西班牙语DELE A2级,Spanish DELE A2"
外语类,西班牙语DELE考试,西班牙语DELE B1级,100094,"0/100071/100091/100094","西班牙语DELE B1级,Spanish DELE B1"
外语类,西班牙语DELE考试,西班牙语DELE B2级,100095,"0/100071/100091/100095","西班牙语DELE B2级,Spanish DELE B2"
外语类,西班牙语DELE考试,西班牙语DELE C1级,100096,"0/100071/100091/100096","西班牙语DELE C1级,Spanish DELE C1"
外语类,西班牙语DELE考试,西班牙语DELE C2级,100097,"0/100071/100091/100097","西班牙语DELE C2级,Spanish DELE C2"
外语类,--,法语公共四级,100098,"0/100071/100078/100098","法语公共四级,French Level 4"
外语类,TEF法语水平考试,TEF法语A1级,100100,"0/100071/100099/100100","TEF法语A1级,TEF French A1"
外语类,TEF法语水平考试,TEF法语A2级,100101,"0/100071/100099/100101","TEF法语A2级,TEF French A2"
外语类,TEF法语水平考试,TEF法语B1级,100102,"0/100071/100099/100102","TEF法语B1级,TEF French B1"
外语类,TEF法语水平考试,TEF法语B2级,100103,"0/100071/100099/100103","TEF法语B2级,TEF French B2"
外语类,TEF法语水平考试,TEF法语C1级,100104,"0/100071/100099/100104","TEF法语C1级,TEF French C1"
外语类,TEF法语水平考试,TEF法语C2级,100105,"0/100071/100099/100105","TEF法语C2级,TEF French C2"
外语类,--,法语专业八级,100106,"0/100071/100078/100106","TFS8,专业法语八级TFS8,法语专业八级,法语专八,French major level 8"
外语类,--,法语专业四级,100107,"0/100071/100078/100107","专业法语四级TFS4,TFS4,法语专业四级,法语专四,French Level 4"
外语类,DALF 法语深入学习文凭,DALF法语深入学习C1级文凭,100109,"0/100071/100108/100109","DALF法语深入学习C1级文凭,DALF C1"
外语类,DALF 法语深入学习文凭,DALF法语深入学习C2级文凭,100110,"0/100071/100108/100110","DALF法语深入学习C2级文凭,DALF C2"
外语类,DELF法语学习文凭,DELF法语学习A1级文凭,100112,"0/100071/100111/100112","DELF法语学习A1级文凭,DELF A1"
外语类,DELF法语学习文凭,DELF法语学习A2级文凭,100113,"0/100071/100111/100113","DELF法语学习A2级文凭,DELF A2"
外语类,DELF法语学习文凭,DELF法语学习B1级文凭,100114,"0/100071/100111/100114","DELF法语学习B1级文凭,DELF B1"
外语类,DELF法语学习文凭,DELF法语学习B2级文凭,100115,"0/100071/100111/100115","DELF法语学习B2级文凭,DELF B2"
外语类,--,俄语专业四级,100116,"0/100071/100078/100116","专业俄语四级ТРЯ4,ТРЯ4,俄语专业四级,俄语专四,Russian Language Level 4"
外语类,--,俄语专业八级,100117,"0/100071/100078/100117","俄语专业八级,专业俄语八级ТРЯ8,ТРЯ8,俄语专八,Russian Language Level 8"
外语类,ТРКИ对外俄语等级考试,ТРКИ对外俄语一级,100119,"0/100071/100118/100119","ТРКИ对外俄语一级,ТРКИ Level 1"
外语类,ТРКИ对外俄语等级考试,ТРКИ对外俄语二级,100120,"0/100071/100118/100120","ТРКИ对外俄语二级,ТРКИ Level 2"
外语类,ТРКИ对外俄语等级考试,ТРКИ对外俄语三级,100121,"0/100071/100118/100121","ТРКИ对外俄语三级,ТРКИ Level 3"
外语类,ТРКИ对外俄语等级考试,ТРКИ对外俄语四级,100122,"0/100071/100118/100122","ТРКИ对外俄语四级,ТРКИ Level 4"
外语类,TOPIK韩国语能力考试,韩国语TOPIK3级,100124,"0/100071/100123/100124","韩语能力测试TOPIK3级,韩国语TOPIK3级,TOPIK-3,Korean TOPIK Level 3"
外语类,TOPIK韩国语能力考试,韩国语TOPIK4级,100125,"0/100071/100123/100125","韩语能力测试TOPIK4级,韩国语TOPIK4级,TOPIK-4,Korean TOPIK Level 4"
外语类,TOPIK韩国语能力考试,韩国语TOPIK5级,100126,"0/100071/100123/100126","韩语能力测试TOPIK5级,韩国语TOPIK5级,TOPIK-5,Korean TOPIK Level 5"
外语类,TOPIK韩国语能力考试,韩国语TOPIK6级,100127,"0/100071/100123/100127","韩语能力测试TOPIK6级,TOPIK-6,韩国语TOPIK6级,Korean TOPIK Level 6"
外语类,--,阿拉伯语专业四级,100128,"0/100071/100078/100128","专业四级阿拉伯语,四级专业阿拉伯语,四级阿拉伯语专业,阿拉伯语专业四级,专业阿拉伯语四级,阿拉伯语四级专业,阿拉伯语专四,Arabic Language Level 4"
外语类,CATTI日语翻译资格证书,CATTI日语一级口译,100130,"0/100071/100129/100130","日语一级口译,CATTI日语一级口译,CATTI Level 1 Japanese Interpretation"
外语类,CATTI日语翻译资格证书,CATTI日语二级口译,100131,"0/100071/100129/100131","日语二级口译,CATTI日语二级口译,CATTI Level 2 Japanese Interpretation"
外语类,CATTI日语翻译资格证书,CATTI日语三级口译,100132,"0/100071/100129/100132","CATTI日语三级口译,日语三级口译,CATTI Level 3 Japanese Interpretation"
外语类,CATTI日语翻译资格证书,CATTI日语一级笔译,100133,"0/100071/100129/100133","日语一级笔译,CATTI日语一级笔译,CATTI Level 1 Japanese Translation"
外语类,CATTI日语翻译资格证书,CATTI日语二级笔译,100134,"0/100071/100129/100134","CATTI日语二级笔译,日语二级笔译,CATTI Level 2 Japanese Translation"
外语类,CATTI日语翻译资格证书,CATTI日语三级笔译,100135,"0/100071/100129/100135","CATTI日语三级笔译,日语三级笔译,CATTI Level 3 Japanese Translation"
外语类,CATTI日语翻译资格证书,CATTI日语资深翻译,100136,"0/100071/100129/100136","日语资深翻译,CATTI日语资深翻译,CATTI Japanese Senior Translator"
外语类,CATTI法语翻译资格证书,CATTI法语一级口译,100138,"0/100071/100137/100138","法语一级口译,CATTI法语一级口译,CATTI Level 1 French Interpretation"
外语类,CATTI法语翻译资格证书,CATTI法语二级口译,100139,"0/100071/100137/100139","法语二级口译,CATTI法语二级口译,CATTI Level 2 French Interpretation"
外语类,CATTI法语翻译资格证书,CATTI法语三级口译,100140,"0/100071/100137/100140","CATTI法语三级口译,法语三级口译,CATTI Level 3 French Interpretation"
外语类,CATTI法语翻译资格证书,CATTI法语一级笔译,100141,"0/100071/100137/100141","法语一级笔译,CATTI法语一级笔译,CATTI Level 1 French Translation"
外语类,CATTI法语翻译资格证书,CATTI法语二级笔译,100142,"0/100071/100137/100142","CATTI法语二级笔译,法语二级笔译,CATTI Level 2 French Translation"
外语类,CATTI法语翻译资格证书,CATTI法语三级笔译,100143,"0/100071/100137/100143","CATTI法语三级笔译,法语三级笔译,CATTI Level 3 French Translation"
外语类,CATTI法语翻译资格证书,CATTI法语资深翻译,100144,"0/100071/100137/100144","法语资深翻译,CATTI法语资深翻译,CATTI Senior French Translator"
外语类,CATTI阿拉伯语口译资格证书,CATTI阿拉伯语一级口译,100146,"0/100071/100145/100146","CATTI阿拉伯语一级口译,CATTI Level 1 Arabic Interpretation"
外语类,CATTI阿拉伯语口译资格证书,CATTI阿拉伯语二级口译,100147,"0/100071/100145/100147","CATTI阿拉伯语二级口译,CATTI Level 2 Arabic Interpretation"
外语类,CATTI阿拉伯语口译资格证书,CATTI阿拉伯语三级口译,100148,"0/100071/100145/100148","CATTI阿拉伯语三级口译,CATTI Level 3 Arabic Interpretation"
外语类,CATTI阿拉伯语口译资格证书,CATTI阿拉伯语一级笔译,100149,"0/100071/100145/100149","CATTI阿拉伯语一级笔译,CATTI Level 1 Arabic Translation"
外语类,CATTI阿拉伯语口译资格证书,CATTI阿拉伯语二级笔译,100150,"0/100071/100145/100150","CATTI阿拉伯语二级笔译,CATTI Level 2 Arabic Translation"
外语类,CATTI阿拉伯语口译资格证书,CATTI阿拉伯语三级笔译,100151,"0/100071/100145/100151","CATTI阿拉伯语三级笔译,CATTI Level 3 Arabic Translation"
外语类,CATTI阿拉伯语口译资格证书,CATTI阿拉伯语资深翻译,100152,"0/100071/100145/100152","CATTI阿拉伯语资深翻译,CATTI Senior Arabic Translator"
外语类,CATTI俄语口译资格证书,CATTI俄语一级口译,100154,"0/100071/100153/100154","俄语一级口译,CATTI俄语一级口译,CATTI Level 1 Russian Interpretation"
外语类,CATTI俄语口译资格证书,CATTI俄语二级口译,100155,"0/100071/100153/100155","俄语二级口译,CATTI俄语二级口译,CATTI Level 2 Russian Interpretation"
外语类,CATTI俄语口译资格证书,CATTI俄语三级口译,100156,"0/100071/100153/100156","俄语三级口译,CATTI俄语三级口译,CATTI Level 3 Russian Interpretation"
外语类,CATTI俄语口译资格证书,CATTI俄语一级笔译,100157,"0/100071/100153/100157","俄语一级笔译,CATTI俄语一级笔译,CATTI Level 1 Russian Translation"
外语类,CATTI俄语口译资格证书,CATTI俄语二级笔译,100158,"0/100071/100153/100158","CATTI俄语二级笔译,俄语二级笔译,CATTI Level 2 Russian Translation"
外语类,CATTI俄语口译资格证书,CATTI俄语三级笔译,100159,"0/100071/100153/100159","俄语三级笔译,CATTI俄语三级笔译,CATTI Level 3 Russian Translation"
外语类,CATTI俄语口译资格证书,CATTI俄语资深翻译,100160,"0/100071/100153/100160","CATTI俄语资深翻译,俄语资深翻译,CATTI Senior Russian Translator"
外语类,CATTI德语口译资格证书,CATTI德语一级口译,100162,"0/100071/100161/100162","CATTI德语一级口译,德语一级口译,CATTI Level 1 German Interpretation"
外语类,CATTI德语口译资格证书,CATTI德语二级口译,100163,"0/100071/100161/100163","CATTI德语二级口译,德语二级口译,CATTI Level 2 German Interpretation"
外语类,CATTI德语口译资格证书,CATTI德语三级口译,100164,"0/100071/100161/100164","德语三级口译,CATTI德语三级口译,CATTI Level 3 German Interpretation"
外语类,CATTI德语口译资格证书,CATTI德语一级笔译,100165,"0/100071/100161/100165","CATTI德语一级笔译,德语一级笔译,CATTI Level 1 German Translation"
外语类,CATTI德语口译资格证书,CATTI德语二级笔译,100166,"0/100071/100161/100166","德语二级笔译,CATTI德语二级笔译,CATTI Level 2 German Translation"
外语类,CATTI德语口译资格证书,CATTI德语三级笔译,100167,"0/100071/100161/100167","CATTI德语三级笔译,德语三级笔译,CATTI Level 3 German Translation"
外语类,CATTI德语口译资格证书,CATTI德语资深翻译,100168,"0/100071/100161/100168","德语资深翻译,CATTI德语资深翻译,CATTI Senior German Translator"
外语类,CATTI西班牙语口译资格证书,CATTI西班牙语一级口译,100170,"0/100071/100169/100170","CATTI西班牙语一级口译,西班牙语一级口译,CATTI Level 1 Spanish Interpretation"
外语类,CATTI西班牙语口译资格证书,CATTI西班牙语二级口译,100171,"0/100071/100169/100171","西班牙语二级口译,CATTI西班牙语二级口译,CATTI Level 2 Spanish Interpretation"
外语类,CATTI西班牙语口译资格证书,CATTI西班牙语三级口译,100172,"0/100071/100169/100172","西班牙语三级口译,CATTI西班牙语三级口译,CATTI Level 3 Spanish Interpretation"
外语类,CATTI西班牙语口译资格证书,CATTI西班牙语一级笔译,100173,"0/100071/100169/100173","西班牙语一级笔译,CATTI西班牙语一级笔译,CATTI Level 1 Spanish Translation"
外语类,CATTI西班牙语口译资格证书,CATTI西班牙语二级笔译,100174,"0/100071/100169/100174","CATTI西班牙语二级笔译,西班牙语二级笔译,CATTI Level 2 Spanish Translation"
外语类,CATTI西班牙语口译资格证书,CATTI西班牙语三级笔译CATTI,100175,"0/100071/100169/100175","CATTI西班牙语三级笔译CATTI,西班牙语三级笔译,CATTI Level 3 Spanish Translation"
外语类,CATTI西班牙语口译资格证书,西班牙语资深翻译,100176,"0/100071/100169/100176","西班牙语资深翻译,一级笔译俄语,三级口译西班牙语,一级笔译日语,口译三级日语,一级笔译法语,口译三级俄语,一级口译英语,德语口译三级,一级口译西班牙语,笔译三级西班牙语,笔译一级英语,二级口译德语,三级口译法语,全国翻译专业资格水平考试,日语资深翻译,俄语三级笔译,俄语一级口译,口译一级西班牙语,德语二级口译,德语笔译二级,西班牙语口译一级,口译二级西班牙语,英语一级笔译,笔译二级西班牙语,俄语一级笔译,西班牙语口译二级,德语二级笔译,德语笔译一级,口译二级英语,德语口译一级,英语一级口译,法语三级笔译,二级口译法语,笔译二级法语,资深德语翻译,口译二级德语,三级笔译日语,三级笔译俄语,日语三级笔译,西班牙语一级口译,俄语资深翻译,法语三级口译,德语三级笔译,笔译二级俄语,一级口译法语,德语笔译三级,日语笔译二级,法语资深翻译,日语口译二"
IT类,计算机等级考试,计算机一级,100179,"0/100177/100178/100179","计算机一级证,计算机一级b,全国计算机等级一级,计算机一级等级证书,全国计算机等级考试一级证书,计算机等级一级,全国计算机等级考试一级,国家计算机一级,计算机一级证书,计算机一级,全国计算机等级一级证书,上海市计算机一级,计算机一级b证书,全国计算机一级,全国高等学校计算机考试一级证书,全国计算机一级证,全国计算机等级考试一级合格证书,计算机等级考试一级,全国计算机一级证书,全国计算机等级考试,Computer Level 1"
IT类,计算机等级考试,计算机二级,100180,"0/100177/100178/100180","计算机二级,全国计算机等级考试二级,计算机二级证,计算机二级证书,计算机2级证书,全国计算机等级考试,全国计算机二级证书,Computer Level 2"
IT类,计算机等级考试,计算机三级,100181,"0/100177/100178/100181","全国计算机等级考试三级,全国计算机三级网络技术,计算机三级证书,国家计算机三级证书,全国计算机等级考试三级合格证书,国家计算机三级,计算机三级,计算机三级证,计算机三级网络技术,全国计算机等级三级,全国计算机三级证书,全国计算机等级考试,Computer Level 3"
IT类,计算机等级考试,计算机四级,100182,"0/100177/100178/100182","计算机四级证书,计算机四级,全国计算机等级考试,全国计算机四级证书,Computer Level 4"
IT类,计算机初级专业技术资格,程序员技术资格,100184,"0/100177/100183/100184","程序员技术资格,Programmer Technical Qualifications"
IT类,计算机初级专业技术资格,网络管理员,100185,"0/100177/100183/100185","网络管理员,Network Administrator"
IT类,计算机初级专业技术资格,信息系统运行管理员,100186,"0/100177/100183/100186","信息系统运行管理员,Information System Operations Administrator"
IT类,计算机初级专业技术资格,网页制作员,100187,"0/100177/100183/100187","网页制作员,Web Developer"
IT类,计算机初级专业技术资格,信息处理技术员,100188,"0/100177/100183/100188","信息处理技术员,Information processing technician"
IT类,计算机初级专业技术资格,多媒体应用制作技术员,100189,"0/100177/100183/100189","多媒体应用制作技术员,Multimedia application production technician"
IT类,计算机初级专业技术资格,电子商务技术员,100190,"0/100177/100183/100190","电子商务技术员,E-commerce technician"
IT类,计算机中级专业技术资格,软件评测师,100192,"0/100177/100191/100192","软件评测师,Software Evaluator"
IT类,计算机中级专业技术资格,软件设计师,100193,"0/100177/100191/100193","软件设计师,软件设计师证书,Software Designer"
IT类,计算机中级专业技术资格,软件过程能力评估师,100194,"0/100177/100191/100194","软件过程能力评估师,Software Process Capability Assessor"
IT类,计算机中级专业技术资格,网络工程师,100195,"0/100177/100191/100195","网络工程师中级,初级网络工程师,网络工程师资格证书,中级网络工程师,网络工程师证,网络工程师证书,网络工程师认证,网络工程师,Network Engineer"
IT类,计算机中级专业技术资格,多媒体应用设计师,100196,"0/100177/100191/100196","多媒体应用设计师,Multimedia application designer"
IT类,计算机中级专业技术资格,嵌入式系统设计师,100197,"0/100177/100191/100197","嵌入式系统设计师,Embedded system designer"
IT类,计算机中级专业技术资格,计算机辅助设计师,100198,"0/100177/100191/100198","计算机辅助设计师,Computer-aided designer"
IT类,计算机中级专业技术资格,电子商务设计师,100199,"0/100177/100191/100199","电子商务设计师,E-commerce Designer"
IT类,计算机中级专业技术资格,系统集成项目管理工程师,100200,"0/100177/100191/100200","系统集成项目管理师,系统集成项目管理工程师,System Integration Project Management Engineer"
IT类,计算机中级专业技术资格,信息系统监理师,100201,"0/100177/100191/100201","信息系统监理师,Information System Supervisor"
IT类,计算机中级专业技术资格,数据库系统工程师,100202,"0/100177/100191/100202","数据库系统工程师,Database System Engineer"
IT类,计算机中级专业技术资格,信息系统管理工程师,100203,"0/100177/100191/100203","信息系统管理工程师,Information System Management Engineer"
IT类,计算机中级专业技术资格,信息安全工程师,100204,"0/100177/100191/100204","信息安全工程师,Information Security Engineer"
IT类,计算机中级专业技术资格,计算机硬件工程师,100205,"0/100177/100191/100205","计算机硬件工程师,Computer Hardware Engineer"
IT类,计算机中级专业技术资格,信息技术支持工程师,100206,"0/100177/100191/100206","信息技术支持工程师,Information Technology Support Engineer"
IT类,计算机高级专业技术资格,信息系统项目管理师,100208,"0/100177/100207/100208","信息系统项目管理师,Information Systems Project Manager"
IT类,计算机高级专业技术资格,网络规划设计师,100209,"0/100177/100207/100209","网络规划设计师,Network planning designer"
IT类,计算机高级专业技术资格,系统架构设计师,100210,"0/100177/100207/100210","系统架构设计师,System architect"
IT类,计算机高级专业技术资格,系统分析师,100211,"0/100177/100207/100211","系统分析师,Systems Analyst"
IT类,计算机高级专业技术资格,系统规划与管理师,100212,"0/100177/100207/100212","系统规划与管理师,System Planning and Management Engineer"
IT类,RHCE红帽认证,RHCSA红帽认证系统管理员,100214,"0/100177/100213/100214","红帽认证系统管理员,RHCSA,RHCSA红帽认证系统管理员,红帽认证,RHCSA Red Hat Certified System Administrator"
IT类,RHCE红帽认证,RHCE红帽认证工程师,100215,"0/100177/100213/100215","RHCE红帽认证工程师,红帽认证系统工程师,红帽认证,RHCE,RHCE Red Hat Certified Engineer"
IT类,RHCE红帽认证,RHCA红帽认证架构师,100216,"0/100177/100213/100216","RHCA红帽认证架构师,RHCA,红帽认证架构师,红帽认证,RHCA Red Hat Certified Architect"
IT类,Cisco思科认证,CCNA思科认证网络工程师,100218,"0/100177/100217/100218","CCNA思科认证网络工程师,思科认证网络支持工程师,CCNA,CCNA Cisco Certified Network Engineer"
IT类,Cisco思科认证,CCNP思科认证网络高级工程师,100219,"0/100177/100217/100219","ccnp证书,CCNP思科认证网络高级工程师,ccnp 思科认证网络高级工程师,ccnp认证,ccnp,思科认证网络高级工程师,CCNP Cisco Certified Network Senior Engineer"
IT类,Cisco思科认证,CCIE思科认证互联网专家,100220,"0/100177/100217/100220","CCIE思科认证互联网专家,ccie,ccie 思科认证互联网专家,思科认证互联网专家,CCIE Cisco Certified Internet Expert"
IT类,华为认证,HCIA华为认证ICT工程师,100222,"0/100177/100221/100222","HCIA,Huawei Certified ICT Associate,华为认证ICT工程师,HCIA华为认证ICT工程师,HCIA Huawei Certified ICT Engineer"
IT类,华为认证,HCIP华为认证ICT高级工程师,100223,"0/100177/100221/100223","华为认证ICT高级工程师,HCIP华为认证ICT高级工程师,HCIP,Huawei Certified ICT Professional,HCIP Huawei Certified ICT Senior Engineer"
IT类,华为认证,HCIE华为认证ICT专家,100224,"0/100177/100221/100224","华为认证ICT专家,HCIE华为认证ICT专家,HCIE,Huawei Certified ICT Expert,HCIE Huawei Certified ICT Expert"
IT类,阿里云认证,ACA阿里云助理工程师认证,100226,"0/100177/100225/100226","ACA阿里云助理工程师认证,ACA Alibaba Cloud Assistant Engineer Certification"
IT类,阿里云认证,ACP阿里云专业工程师认证,100227,"0/100177/100225/100227","ACP阿里云专业工程师认证,ACP Alibaba Cloud Professional Engineer Certification"
IT类,阿里云认证,ACE阿里云高级工程师认证,100228,"0/100177/100225/100228","ACE阿里云高级工程师认证,ACE Alibaba Cloud Senior Engineer Certification"
IT类,Autodesk认证,AutoCAD工程师（一级）,100230,"0/100177/100229/100230","AutoCAD工程师（一级）,AutoCAD Engineer (Level 1)"
IT类,Autodesk认证,AutoCAD工程师（二级）,100231,"0/100177/100229/100231","AutoCAD工程师（二级）,AutoCAD Engineer (Level 2)"
IT类,全国CAD技能等级证书,全国CAD技能一级证书,100233,"0/100177/100232/100233","全国CAD技能一级证书,National CAD Skills Level 1 Certificate"
IT类,全国CAD技能等级证书,全国CAD技能二级证书,100234,"0/100177/100232/100234","全国CAD技能二级证书,National CAD Skills Level 2 Certificate"
IT类,全国CAD技能等级证书,全国CAD技能三级证书,100235,"0/100177/100232/100235","全国CAD技能三级证书,National CAD Skills Level 3 Certificate"
IT类,电子商务师职业资格证,电子商务员,100237,"0/100177/100236/100237","电子商务员,E-commerce clerk"
IT类,电子商务师职业资格证,助理电子商务师,100238,"0/100177/100236/100238","助理电子商务师,电子商务运营专才,中级电子商务,电子商务师,电子商务中级,初级电子商务,中级电子商务师,高级电子商务师证,电子商务师资格证,三级电子商务,电子商务师三级,电子商务师证书,国家助理电子商务师,电子商务高级证书,电子商务员中级,助理电子商务师证书,电子商务证,电子商务师职业资格证书,电子商务三级,电子商务师职业水平证,电子商务基础,电子商务资格证书,电子商务高级,助理电子商务师职业资格证书,中级电子商务证书,助理电子商务师证,电子商务师职业水平证书,电子商务师资格证书,高级电子商务师,高级电子商务,电子商务工程师证,高级电子商务证书,初级电子商务证书,Assistant e-commerce specialist"
IT类,电子商务师职业资格证,电子商务师,100239,"0/100177/100236/100239","电子商务师,电子商务运营专才,中级电子商务,助理电子商务师,电子商务中级,初级电子商务,中级电子商务师,高级电子商务师证,电子商务师资格证,三级电子商务,电子商务师三级,电子商务师证书,国家助理电子商务师,电子商务高级证书,电子商务员中级,助理电子商务师证书,电子商务证,电子商务师职业资格证书,电子商务三级,电子商务师职业水平证,电子商务基础,电子商务资格证书,电子商务高级,助理电子商务师职业资格证书,中级电子商务证书,助理电子商务师证,电子商务师职业水平证书,电子商务师资格证书,高级电子商务师,高级电子商务,电子商务工程师证,高级电子商务证书,初级电子商务证书,E-commerce specialist"
IT类,电子商务师职业资格证,高级电子商务师,100240,"0/100177/100236/100240","高级电子商务师,电子商务运营专才,中级电子商务,电子商务师,助理电子商务师,电子商务中级,初级电子商务,中级电子商务师,高级电子商务师证,电子商务师资格证,三级电子商务,电子商务师三级,电子商务师证书,国家助理电子商务师,电子商务高级证书,电子商务员中级,助理电子商务师证书,电子商务证,电子商务师职业资格证书,电子商务三级,电子商务师职业水平证,电子商务基础,电子商务资格证书,电子商务高级,助理电子商务师职业资格证书,中级电子商务证书,助理电子商务师证,电子商务师职业水平证书,电子商务师资格证书,高级电子商务,电子商务工程师证,高级电子商务证书,初级电子商务证书,Senior e-commerce specialist"
IT类,--,NIT全国计算机应用水平证书,100242,"0/100177/100241/100242","NIT全国计算机应用水平证书,NIT National Computer Application Level Certificate"
IT类,--,CISSP信息系统安全专业认证,100243,"0/100177/100241/100243","注册信息系统安全专家,CISSP信息系统安全专业认证,CISSP,Certified Information Systems Security Professional,CISSP Information System Security Professional Certification"
IT类,--,NCIE全国信息化工程师项目证书,100244,"0/100177/100241/100244","NCIE全国信息化工程师项目证书,NCIE National Information Engineer Project Certificate"
IT类,腾讯云认证,TCA,100246,"0/100177/100245/100246",TCA
IT类,腾讯云认证,TCP,100247,"0/100177/100245/100247",TCP
IT类,腾讯云认证,TCE,100248,"0/100177/100245/100248",TCE
_,_,AWS认证,_,_,AWS认证
IT类,Kubernetes认证,CKA管理员认证,100250,"0/100177/100249/100250","CKA管理员认证,CKA Administrator Certification"
IT类,Kubernetes认证,CKAD应用程序开发者认证,100251,"0/100177/100249/100251","CKAD应用程序开发者认证,CKAD Certified Application Developer"
IT类,Kubernetes认证,CKS安全专家认证,100252,"0/100177/100249/100252","CKS安全专家认证,CKS Safety Expert Certification"
IT类,微软认证MCP,MCE,100254,"0/100177/100253/100254",MCE
IT类,微软认证MCP,MCSA,100255,"0/100177/100253/100255","MCSA,微软认证系统管理员,mcsa 微软认证系统管理员,mcsa微软认证系统管理员"
IT类,微软认证MCP,MCSD,100256,"0/100177/100253/100256","MCSD,微软认证解决方案开发专家,mcsd 微软认证解决方案开发专家,mcsd微软认证解决方案开发专家"
IT类,微软认证MCP,MCSE,100257,"0/100177/100253/100257","微软认证系统工程师,MCSE,mcse微软认证系统工程师,mcse2003,微软mcse证书,mcse证书,微软mcse"
IT类,微软认证MCP,MOS,100258,"0/100177/100253/100258","MOS,微软办公软件全球国际认证,mos 微软办公软件全球国际认证,微软办公室软件操作证书,mos微软办公软件全球国际认证"
IT类,微软认证MCP,MTA,100259,"0/100177/100253/100259","MTA,微软专业技术认证,mta微软专业技术认证,mta 微软专业技术认证"
项目管理类,--,NPDP产品经理认证,100262,"0/100260/100261/100262","NPDP产品经理认证,NPDP Product Manager Certification"
项目管理类,--,PMP项目管理认证,100263,"0/100260/100261/100263","项目管理师,PMP项目管理认证,PMP Project Management Certification"
项目管理类,ITIL IT服务管理认证,ITIL IT服务管理基础认证,100265,"0/100260/100264/100265","ITIL IT服务管理基础认证,ITIL IT Service Management Foundation Certification"
项目管理类,ITIL IT服务管理认证,ITIL IT服务管理中级认证,100266,"0/100260/100264/100266","ITIL IT服务管理中级认证,ITIL IT Service Management Intermediate Certification"
项目管理类,ITIL IT服务管理认证,ITIL IT服务管理专家认证,100267,"0/100260/100264/100267","ITIL IT服务管理专家认证,ITIL IT Service Management Professional Certification"
项目管理类,ITIL IT服务管理认证,ITIL IT服务管理大师认证,100268,"0/100260/100264/100268","ITIL IT服务管理大师认证,ITIL IT Service Management Master Certification"
项目管理类,国家项目管理资格证书,国家项目管理员资格证书,100270,"0/100260/100269/100270","项目管理员,国家项目管理员资格证书,National Project Administrator Qualification Certificate"
项目管理类,国家项目管理资格证书,国家助理项目管理师资格证书,100271,"0/100260/100269/100271","助理项目管理师,国家助理项目管理师资格证书,National Assistant Project Manager Qualification Certificate"
项目管理类,国家项目管理资格证书,国家项目管理师资格证书,100272,"0/100260/100269/100272","项目管理师,国家项目管理师资格证书,National Project Management Qualification Certificate"
项目管理类,国家项目管理资格证书,国家高级项目管理师资格证书,100273,"0/100260/100269/100273","高级项目管理师,国家高级项目管理师资格证书,National Senior Project Manager Qualification Certificate"
项目管理类,--,ACP敏捷管理认证,100274,"0/100260/100261/100274","ACP敏捷管理认证,ACP Agile Management Certification"
项目管理类,PRINCE2项目管理认证,PRINCE2项目管理基础级,100276,"0/100260/100275/100276","PRINCE2项目管理基础级,PRINCE2 Project Management Foundation Level"
项目管理类,PRINCE2项目管理认证,PRINCE2项目管理从业级,100277,"0/100260/100275/100277","PRINCE2项目管理从业级,PRINCE2 Project Management Practitioner Level"
项目管理类,--,CSM敏捷项目管理专家,100278,"0/100260/100261/100278","CSM敏捷项目管理专家,CSM Agile Project Management Expert"
项目管理类,IPMP国际项目经理资质认证,IPMP国际项目经理A级认证,100280,"0/100260/100279/100280","IPMP国际项目经理A级认证,IPMP Level A Certification"
项目管理类,IPMP国际项目经理资质认证,IPMP国际项目经理B级认证,100281,"0/100260/100279/100281","IPMP国际项目经理B级认证,IPMP Level B Certification"
项目管理类,IPMP国际项目经理资质认证,IPMP国际项目经理C级认证,100282,"0/100260/100279/100282","IPMP国际项目经理C级认证,IPMP Level C Certification"
项目管理类,IPMP国际项目经理资质认证,IPMP国际项目经理D级认证,100283,"0/100260/100279/100283","IPMP国际项目经理D级认证,IPMP Level D Certification"
项目管理类,--,SAFe敏捷认证,100284,"0/100260/100261/100284","SAFe敏捷认证,SAFe Agile Certification"
会计类,会计职称,会计初级职称,100287,"0/100285/100286/100287","会计初级职称,会计初级证书,会计初级职称证书,会计初级职称证,会计初级证,会计初级资格证书,初级会计职称,初级会计师,Primary Accounting Professional Title"
会计类,会计职称,会计中级职称,100288,"0/100285/100286/100288","会计中级资格证书,会计中级职称证书,会计中级证书,会计中级证,会计中级职称,中级会计证,会计中级资格证,中级以上会计职称,中级会计师,中级会计职称,中级会计师证书,中级/高级会计师,Intermediate Accounting Professional Title"
会计类,会计职称,会计高级职称,100289,"0/100285/100286/100289","高级会计师,中级/高级会计师,会计高级职称,Senior Accounting Professional Title"
会计类,CPA中国注册会计师,通过CPA会计,100291,"0/100285/100290/100291","通过CPA会计,Passed CPA Accounting"
会计类,CPA中国注册会计师,通过CPA审计,100292,"0/100285/100290/100292","通过CPA审计,Passed CPA Auditing"
会计类,CPA中国注册会计师,通过CPA财管,100293,"0/100285/100290/100293","通过CPA财管,Passed CPA Financial Management"
会计类,CPA中国注册会计师,通过CPA经济法,100294,"0/100285/100290/100294","通过CPA经济法,Passed CPA Economic Law"
会计类,CPA中国注册会计师,通过CPA税法,100295,"0/100285/100290/100295","通过CPA税法,Passed CPA Tax Law"
会计类,CPA中国注册会计师,通过CPA战略,100296,"0/100285/100290/100296","通过CPA战略,Passed CPA StrategyThrough CPA Strategy"
会计类,CPA中国注册会计师,非执业CPA会员,100297,"0/100285/100290/100297","非执业CPA会员,Non-practicing CPA members"
会计类,CPA中国注册会计师,执业CPA会员,100298,"0/100285/100290/100298","执业CPA会员,Practicing CPA Member"
会计类,澳洲注册会计师,澳洲注会通过部分科目,100300,"0/100285/100299/100300","澳洲注会通过部分科目,Passed Some Subjects of CPA in Australia"
会计类,澳洲注册会计师,澳洲注册会计师,100301,"0/100285/100299/100301","澳洲注册会计师,CPA Australia"
会计类,澳洲注册会计师,澳洲注会资深会员,100302,"0/100285/100299/100302","澳洲注会资深会员,Senior Certified Practicing Accountant (CPA) in Australia"
会计类,ACA英国皇家特许会计师,CFAB证书,100304,"0/100285/100303/100304","CFAB证书,CFAB certificate"
会计类,ACA英国皇家特许会计师,ACA英国皇家特许会计师,100305,"0/100285/100303/100305","ACA英国皇家特许会计师,ACA Chartered Accountant"
会计类,ACA英国皇家特许会计师,FCA资深英国皇家特许会计师,100306,"0/100285/100303/100306","FCA资深英国皇家特许会计师,FCA Fellow Chartered Accountant"
会计类,AIA国际会计师,AIA国际会计师公会毕业生会员,100308,"0/100285/100307/100308","AIA国际会计师公会毕业生会员,AIA Graduate Member"
会计类,AIA国际会计师,AAIA国际会计师公会全权会员,100309,"0/100285/100307/100309","AAIA国际会计师公会全权会员,AAIA Full Member"
会计类,AIA国际会计师,AMIA国际会计师公会联席会员,100310,"0/100285/100307/100310","AMIA国际会计师公会联席会员,AMIA Associate Member"
会计类,AIA国际会计师,FAIA国际会计师公会资深全权会员,100311,"0/100285/100307/100311","FAIA国际会计师公会资深全权会员,FAIA Senior Member"
会计类,IPA澳大利亚公共会计师,AIPA澳大利亚初级公共会计师,100313,"0/100285/100312/100313","AIPA澳大利亚初级公共会计师,AIPA Australian Junior Public Accountant"
会计类,IPA澳大利亚公共会计师,MIPA公共会计师,100314,"0/100285/100312/100314","MIPA公共会计师,MIPA Public Accountant"
会计类,IPA澳大利亚公共会计师,FIPA资深公共会计师,100315,"0/100285/100312/100315","FIPA资深公共会计师,FIPA Senior Public Accountant"
会计类,--,加拿大特许专业会计师,100317,"0/100285/100316/100317","加拿大特许专业会计师,加拿大注册会计师,CGA,Chartered Professional Accountants in Canada"
会计类,--,ACCA特许公认会计师,100318,"0/100285/100316/100318","ACCA特许公认会计师,ACCA 会员,ACCA资格证书,ACCA,ACCA会员,国际注册会计师,特许公认会计师,国际注册会计师（ACCA）,ACCA Chartered Certified Accountant"
会计类,--,AICPA美国注册会计师,100319,"0/100285/100316/100319","AICPA,美国注册会计师,AICPA美国注册会计师,美国执业会计师,AICPA American Certified Public Accountant"
会计类,--,CMA美国注册管理会计师,100320,"0/100285/100316/100320","CMA,美国注册管理会计师,CMA美国注册管理会计师,CMA Certified Management Accountant"
会计类,--,会计从业资格证,100321,"0/100285/100316/100321","会计从业资格证,会计证,会计资格证书,会计上岗证,会计师资格,会计从业证书,深圳市会计证,会计从业资格上岗证,会计师职称证书,全国会计从业资格证,会计从业上岗证,会计从业证,江苏省会计从业资格证书,会计人员从业资格证书,上海市会计上岗证,上海市会计从业资格证书,会计师专业技术资格证书,会计从业资格,中华人民共和国会计从业资格证书,会计从业资格考试合格证,会计从业资格认证,浙江省会计从业资格证书,会计从业资格证 会计电算化证,会计资格从业证书,会计师资格证,北京市会计从业资格证,Accounting Qualification Certificate"
审计类,--,CISA信息系统审计师,100324,"0/100322/100323/100324","CISA,注册信息系统审计师,国际信息系统审计师,CISA信息系统审计师,CISA Information Systems Auditor"
审计类,--,CIA国际注册内审师,100325,"0/100322/100323/100325","注册内部审计师,CIA国际注册内审师,CIA,国际注册内部审计师,CIA International Certified Internal Auditor"
统计类,--,统计从业资格证,100328,"0/100326/100327/100328","统计员上岗证,统计上岗证,统计从业资格,统计从业资格证,统计资格证书,Statistics Practice Qualification Certificate"
统计类,统计师职称,初级统计师,100330,"0/100326/100329/100330","助理统计师,初级统计师,Junior Statistician"
统计类,统计师职称,中级统计师,100331,"0/100326/100329/100331","统计师,中级统计师,Intermediate Statistician"
精算类,中国精算师,中国准精算师,100334,"0/100332/100333/100334","中国准精算师,Chinese Associate Actuary"
精算类,中国精算师,中国精算师,100335,"0/100332/100333/100335","精算师证,中国精算师考试合格证书,精算师考试合格证书,精算师资格证,精算师合格证书,精算师证书,中国精算师,中国精算师证,Chinese Actuary"
精算类,SOA北美精算师,SOA北美准精算师,100337,"0/100332/100336/100337","SOA北美准精算师,SOA North American Associate Actuary"
精算类,SOA北美精算师,SOA北美精算师,100338,"0/100332/100336/100338","SOA北美精算师,SOA North America Actuary"
精算类,英国精算师,精算专业技能证书（DAT）,100340,"0/100332/100339/100340","精算专业技能证书（DAT）,DAT"
精算类,英国精算师,准精算师 （AIA）,100341,"0/100332/100339/100341","准精算师 （AIA）,AIA"
精算类,英国精算师,精算师 （FIA）,100342,"0/100332/100339/100342","精算师 （FIA）,FIA"
精算类,英国精算师,企业风险管理精算师（CERA）,100343,"0/100332/100339/100343","企业风险管理精算师（CERA）,CERA"
精算类,英国精算师,认证精算分析师资格证书（CAA）,100344,"0/100332/100339/100344","认证精算分析师资格证书（CAA）,中国精算师,中国精算师（CAA）,CAA"
金融类,--,证券从业资格证,100347,"0/100345/100346/100347","证券从业资格证,证券从业资格,中国证券从业资格证书,证券从业证书,证券从业资格证书,证劵从业资格证,证券从业证,证券从业人员资格证书,证券业从业资格证,Securities Practice Qualification Certificate"
金融类,--,基金从业资格证,100348,"0/100345/100346/100348","基金从业资格证,基金从业资格证书,Fund Practitioner Qualification Certificate"
金融类,CFA特许金融分析师,CFA特许金融分析师一级,100350,"0/100345/100349/100350","CFA特许金融分析师一级,CFA一级,CFA Level 1"
金融类,CFA特许金融分析师,CFA特许金融分析师二级,100351,"0/100345/100349/100351","CFA特许金融分析师二级,CFA二级,CFA Level 2"
金融类,CFA特许金融分析师,CFA特许金融分析师三级,100352,"0/100345/100349/100352","CFA特许金融分析师三级,CFA三级,CFA Level 3"
金融类,--,CFP国际金融理财师,100353,"0/100345/100346/100353","cfp金融理财师,金融理财师,cfp国际金融理财师,国际金融理财证书,cfp培训证书,CFP"
金融类,税务师,税务师通过部分科目,100355,"0/100345/100354/100355","税务师通过部分科目,Passed Some Subjects of Tax Advisor"
金融类,税务师,税务师非执业会员,100356,"0/100345/100354/100356","税务师非执业会员,Non - practicing Tax Advisor Member"
金融类,税务师,税务师执业会员,100357,"0/100345/100354/100357","税务师执业会员,Practicing Tax Advisor Member"
金融类,--,AFP金融理财师,100358,"0/100345/100346/100358","afp金融理财师资格证书,afp金融理财师证书,afp资格认证,afp金融理财师,金融理财师认证证书,afp理财师,AFP,afp资格证书,金融理财师afp"
金融类,--,银行从业资格证,100359,"0/100345/100346/100359","银行从业资格证,银行从业证,银行从业资格证书,银行从业人员资格证书,银行从业证书,Banking Qualification Certificate"
金融类,--,期货从业资格证,100360,"0/100345/100346/100360","期货从业资格证,期货从业资格,期货从业人员资格证书,期货从业资格证书,期货分析师资格证书,期货业从业资格证,Futures Qualification Certificate"
金融类,FRM金融风险管理师,FRM金融风险管理师一级,100362,"0/100345/100361/100362","FRM金融风险管理师一级,FRM Level 1"
金融类,FRM金融风险管理师,FRM金融风险管理师二级,100363,"0/100345/100361/100363","FRM金融风险管理师二级,FRM Level 2"
金融类,经济师职称,经济师初级职称,100365,"0/100345/100364/100365","经济师初级职称,Primary Economist Professional Title"
金融类,经济师职称,经济师中级职称,100366,"0/100345/100364/100366","经济师中级职称证书,经济师中级职称,经济师资格证书,Intermediate Economist Professional Title"
金融类,--,RFP注册财务策划师,100367,"0/100345/100346/100367","国际注册财务策划师,RFP注册财务策划师,IARFP,RFP"
金融类,--,CIIA注册国际投资分析师,100368,"0/100345/100346/100368","CIIA注册国际投资分析师,CIIA"
金融类,--,注册资产评估师,100369,"0/100345/100346/100369","注册资产评估师,资产评估师职业资格证书,Registered Property Appraiser"
金融类,CIMA特许管理会计师,CIMA管理会计,100371,"0/100345/100370/100371","CIMA管理会计,CIMA Management Accounting"
金融类,CIMA特许管理会计师,CIMA高级管理会计,100372,"0/100345/100370/100372","CIMA高级管理会计,CIMA Advanced Management Accounting"
金融类,CIMA特许管理会计师,ACMA特许管理会计师,100373,"0/100345/100370/100373","ACMA特许管理会计师,ACMA"
金融类,CIMA特许管理会计师,CGMA全球注册管理会计师,100374,"0/100345/100370/100374","CGMA全球注册管理会计师,CGMA"
金融类,--,保荐代表人,100375,"0/100345/100346/100375","保荐代表人,Sponsor Representative"
金融类,--,CFC注册财务顾问师,100376,"0/100345/100346/100376","CFC注册财务顾问师,CFC"
金融类,IFM国际财务管理师,EIFM初级财务管理师,100378,"0/100345/100377/100378","EIFM初级财务管理师,EIFM"
金融类,IFM国际财务管理师,AIFM助理国际财务管理师,100379,"0/100345/100377/100379","AIFM助理国际财务管理师,AIFM"
金融类,IFM国际财务管理师,IFM国际财务管理师,100380,"0/100345/100377/100380","IFM国际财务管理师,IFM"
金融类,IFM国际财务管理师,SIFM高级国际财务管理师,100381,"0/100345/100377/100381","SIFM高级国际财务管理师,SIFM"
金融类,信用管理师职业资格证,助理信用管理师,100383,"0/100345/100382/100383","助理信用管理师,Assistant Credit Manager"
金融类,信用管理师职业资格证,信用管理师,100384,"0/100345/100382/100384","信用管理师,Credit Manager"
金融类,信用管理师职业资格证,高级信用管理师,100385,"0/100345/100382/100385","高级信用管理师,Senior Credit Manager"
金融类,--,信用评估师证书,100386,"0/100345/100346/100386","信用评估师证书,Credit Assessor Certificate"
法律类,--,律师执业证,100389,"0/100387/100388/100389","律师执业证,Lawyer's license"
法律类,--,法律职业资格证,100390,"0/100387/100388/100390","法律职业资格证,国家司法考试,法律执业证书,法律从业资格证,法律执业证,法考证书,法律资格证书,国家法律职业资格证书,法律职业证书,法考证,中华人民共和国法律职业资格证书,法律职业资格,法律职业资格证书,Legal Professional Qualification Certificate"
教育类,教师资格证,教师资格证（幼儿园）,100393,"0/100391/100392/100393","教师资格证（幼儿园）,Teacher Qualification Certificate (Kindergarten)"
教育类,教师资格证,教师资格证（小学）,100394,"0/100391/100392/100394","教师资格证（小学）,Teacher Qualification Certificate (Primary School)"
教育类,教师资格证,教师资格证（初中）,100395,"0/100391/100392/100395","教师资格证（初中）,Teacher Qualification Certificate (Junior High School)"
教育类,教师资格证,教师资格证（高中）,100396,"0/100391/100392/100396","教师资格证（高中）,Teacher Qualification Certificate (Senior High School)"
教育类,教师资格证,教师资格证（大学）,100397,"0/100391/100392/100397","教师资格证（大学）,Teacher Qualification Certificate (University)"
教育类,--,世界英语教师协会TESOL证书,100399,"0/100391/100398/100399","世界英语教师协会TESOL证书,TESOL"
教育类,--,TEFL英语教师资格证书,100400,"0/100391/100398/100400","TEFL英语教师资格证书,TEFL"
教育类,--,CELTA剑桥大学教师证书,100401,"0/100391/100398/100401","CELTA剑桥大学教师证书,CELTA"
教育类,--,TKT英语教学能力证书,100402,"0/100391/100398/100402","TKT英语教学能力证书,TKT"
教育类,--,CELT-P英语教学证书（小学方向）,100403,"0/100391/100398/100403","CELT-P英语教学证书（小学方向）,CELT-P (Primary School)"
教育类,--,对外汉语教师资格证,100404,"0/100391/100398/100404","对外汉语教师资格证,Qualification Certificate for Teaching Chinese as a Foreign Language"
教育类,--,ICA国际汉语教师职业资格证,100405,"0/100391/100398/100405","ICA国际汉语教师职业资格证,ICA International Chinese Teacher Professional Qualification Certificate"
教育类,--,汉办国际汉语教师证书,100406,"0/100391/100398/100406","汉办国际汉语教师证书,Hanban International Chinese Teacher Certificate"
教育类,--,CELT-S英语教学证书（中学方向）,100407,"0/100391/100398/100407","CELT-S英语教学证书（中学方向）,CELT-S (Secondary)"
教育类,--,企业培训师资格证,100408,"0/100391/100398/100408","企业培训师资格证书,内部培训师证,内训讲师资格证,高级企业培训师一级,高级企业培训师资格证书,内部培训师证书,企业培训师资格证,内训师资格证,国家一级企业培训师,企业培训师证书,内训师资格证书,Corporate trainer qualification certificate"
幼教类,--,保育员资格证,100411,"0/100409/100410/100411","保育员资格证,Childcare qualification certificate"
幼教类,--,育婴师职业师资证书,100412,"0/100409/100410/100412","育婴师资格证,育婴师职业师资证书,Infant - caregiver Professional Teacher Certificate"
幼教类,--,幼儿园园长资格证,100413,"0/100409/100410/100413","幼儿园园长资格证,Kindergarten principal qualification certificate"
幼教类,--,幼儿园保健医生上岗证,100414,"0/100409/100410/100414","幼儿园保健医生上岗证,Kindergarten Health - care Doctor's Work Permit"
幼教类,--,蒙台梭利教育证书,100415,"0/100409/100410/100415","蒙氏教师资格证,蒙台梭利教育证书,Montessori Education Certificate"
汉语类,普通话水平测试,普通话一级甲等,100418,"0/100416/100417/100418","普通话一甲,普通话一级甲等,Mandarin Level 1A"
汉语类,普通话水平测试,普通话一级乙等,100419,"0/100416/100417/100419","普通话一级乙等,普通话一乙,Mandarin Level 1B"
汉语类,普通话水平测试,普通话二级甲等,100420,"0/100416/100417/100420","普通话二甲,普通话二级甲等,Mandarin Level 2A"
汉语类,普通话水平测试,普通话二级乙等,100421,"0/100416/100417/100421","普通话二级乙等,普通话二乙,Mandarin Level 2B"
汉语类,普通话水平测试,普通话三级甲等,100422,"0/100416/100417/100422","普通话三级甲等,普通话三甲,Mandarin Level 3A"
汉语类,普通话水平测试,普通话三级乙等,100423,"0/100416/100417/100423","普通话三乙,普通话三级乙等,Mandarin Level 3B"
心理咨询类,心理咨询师,心理咨询师一级,100426,"0/100424/100425/100426","心理咨询师一级,Psychological Counselor Level 1"
心理咨询类,心理咨询师,心理咨询师二级,100427,"0/100424/100425/100427","心理咨询师二级,国家三级心理咨询师,三级心理咨询师证书,心理咨询师三级,三级心理咨询师,国家心理咨询师三级证书,心理咨询师三级资格证书,心理咨询三级证书,国家三级心理咨询师资格证,心理咨询师三级职业资格证书,国家心理咨询师三级,心理咨询师三级证书,Psychological Counselor Level 2"
心理咨询类,心理咨询师,心理咨询师三级,100428,"0/100424/100425/100428","心理咨询师三级,国家三级心理咨询师,三级心理咨询师证书,三级心理咨询师,国家心理咨询师三级证书,心理咨询师三级资格证书,心理咨询三级证书,国家三级心理咨询师资格证,心理咨询师三级职业资格证书,国家心理咨询师三级,心理咨询师三级证书,心理咨询师二级,Psychological Counselor Level 3"
心理咨询类,婚姻家庭咨询师,婚姻家庭咨询师一级,100430,"0/100424/100429/100430","婚姻家庭咨询师一级,Marriage and Family Counselor Level 1"
心理咨询类,婚姻家庭咨询师,婚姻家庭咨询师二级,100431,"0/100424/100429/100431","婚姻家庭咨询师二级,Marriage and Family Counselor Level 2"
心理咨询类,婚姻家庭咨询师,婚姻家庭咨询师三级,100432,"0/100424/100429/100432","婚姻家庭咨询师三级,Marriage and Family Counselor Level 3"
医疗类,医师资格证,执业助理医师资格证,100435,"0/100433/100434/100435","执业助理医师资格证,Licensed Assistant Physician Qualification Certificate"
医疗类,医师资格证,执业医师资格证,100436,"0/100433/100434/100436","执业医师资格证,医师执业资格证,医师执业证,Licensed Physician Qualification Certificate"
医疗类,--,护士资格证,100438,"0/100433/100437/100438","注册护士资格,护士执业注册证书,护士职业资格证,护士资格证,护士证,护士职业资格,护士资格,护士执业证,中国护士注册执业证书,执业护士资格,Nursing Qualification Certificate"
医疗类,--,执业药师资格证,100439,"0/100433/100437/100439","执业药师资格证,Licensed Pharmacist Qualification Certificate"
医疗类,医生职称,医生初级职称,100441,"0/100433/100440/100441","医生初级职称,Doctor's Primary Professional Title"
医疗类,医生职称,医生中级职称,100442,"0/100433/100440/100442","医生中级职称,Doctor's Intermediate Professional Title"
医疗类,医生职称,医生副高级职称,100443,"0/100433/100440/100443","医生副高级职称,Doctor's Associate - senior Professional Title"
医疗类,医生职称,医生正高级职称,100444,"0/100433/100440/100444","医生正高级职称,Doctor's Full - senior Professional Title"
医疗类,--,护士执业证书,100445,"0/100433/100437/100445","注册护士资格,护士执业证书,护士执业注册证书,护士职业资格证,护士资格证,护士证,护士职业资格,护士资格,护士执业证,中国护士注册执业证书,执业护士资格,Nursing Practice Certificate"
医疗类,药师职称,药师初级职称,100447,"0/100433/100446/100447","药师初级职称,Pharmacist's Primary Professional Title"
医疗类,药师职称,药师中级职称,100448,"0/100433/100446/100448","药师中级职称,Pharmacist's Intermediate Professional Title"
医疗类,药师职称,药师副高级职称,100449,"0/100433/100446/100449","药师副高级职称,Pharmacist's Associate - senior Professional Title"
医疗类,药师职称,药师高级职称,100450,"0/100433/100446/100450","药师高级职称,Pharmacist's Full - senior Professional Title"
医疗类,医师执业证书,医师执业证书（临床）,100452,"0/100433/100451/100452","医师执业证书（临床）,临床执业医师证,临床执业医师资格证书,临床医师证,Physician Practice Certificate (Clinical)"
医疗类,医师执业证书,医师执业证书（中医）,100453,"0/100433/100451/100453","医师执业证书（中医）,中医执业医师,Physician's Practice Certificate (Traditional Chinese Medicine)"
医疗类,医师执业证书,医师执业证书（口腔）,100454,"0/100433/100451/100454","医师执业证书（口腔）,口腔执业医师,Physician's Practice Certificate (Stomatology)"
医疗类,医师执业证书,医师执业证书（公共卫生）,100455,"0/100433/100451/100455","医师执业证书（公共卫生）,公共执业医师,Physician Practitioner Certificate (Public Health)"
医疗类,验光师资格证,初级验光员资格证,100457,"0/100433/100456/100457","初级验光员资格证,Primary Optician Qualification Certificate"
医疗类,验光师资格证,中级验光员资格证,100458,"0/100433/100456/100458","中级验光员资格证,Intermediate optometrist qualification certificate"
医疗类,验光师资格证,高级验光员资格证,100459,"0/100433/100456/100459","高级验光员资格证,Senior optometrist qualification certificate"
医疗类,验光师资格证,验光技师资格证,100460,"0/100433/100456/100460","验光技师资格证,Optometry technician qualification certificate"
医疗类,验光师资格证,高级验光技师资格证,100461,"0/100433/100456/100461","高级验光技师资格证,Senior optometrist technician qualification certificate"
医疗类,母婴护理师,初级母婴护理师,100463,"0/100433/100462/100463","初级母婴护理师,Primary Maternal - Infant Nurse"
医疗类,母婴护理师,中级母婴护理师,100464,"0/100433/100462/100464","中级母婴护理师,Intermediate Maternal - Infant Nurse"
医疗类,母婴护理师,高级母婴护理师,100465,"0/100433/100462/100465","高级母婴护理师,Advanced Maternal - Infant Nurse"
医疗类,护士职称,护士初级职称,100467,"0/100433/100466/100467","护士初级职称,Nurse's Primary Professional Title"
医疗类,护士职称,护士中级职称,100468,"0/100433/100466/100468","护士中级职称,Nurse's Intermediate Professional Title"
医疗类,护士职称,护士副高级职称,100469,"0/100433/100466/100469","护士副高级职称,Nurse associate senior professional title"
医疗类,护士职称,护士高级职称,100470,"0/100433/100466/100470","护士高级职称,Nurse's Full - senior Professional Title"
医疗类,中药调剂员资格证,中药调剂员初级,100472,"0/100433/100471/100472","中药调剂员初级,Primary Traditional Chinese Medicine Dispenser"
医疗类,中药调剂员资格证,中药调剂员中级,100473,"0/100433/100471/100473","中药调剂员中级,Intermediate Traditional Chinese Medicine"
医疗类,中药调剂员资格证,中药调剂员高级,100474,"0/100433/100471/100474","中药调剂员高级,Senior Traditional Chinese Medicine"
医疗类,--,母婴保健技术考核合格证书,100475,"0/100433/100437/100475","母婴保健技术考核合格证书,Maternal - Infant Health - care Technology Assessment Qualification Certificate"
医疗类,康复理疗师专业技能证书,助理康复理疗师,100477,"0/100433/100476/100477","助理康复理疗师,Assistant Rehabilitation Therapist"
医疗类,康复理疗师专业技能证书,康复理疗师,100478,"0/100433/100476/100478","康复理疗师,Rehabilitation therapist"
医疗类,康复理疗师专业技能证书,高级康复理疗师,100479,"0/100433/100476/100479","高级康复理疗师,Senior Rehabilitation Therapist"
医疗类,养老护理员职业资格,养老护理员初级,100481,"0/100433/100480/100481","养老护理员初级,Primary Elderly - care Worker"
医疗类,养老护理员职业资格,养老护理员中级,100482,"0/100433/100480/100482","养老护理员中级,Intermediate Elderly - care Worker"
医疗类,养老护理员职业资格,养老护理员高级,100483,"0/100433/100480/100483","养老护理员高级,Senior Elderly - care Worker"
医疗类,养老护理员职业资格,养老护理员技师,100484,"0/100433/100480/100484","养老护理员技师,Elderly - care Worker Technician"
医疗类,医学检验证书,医学检验技术（士）,100486,"0/100433/100485/100486","医学检验技术（士）,Medical Laboratory Technician"
医疗类,医学检验证书,医学检验技术师,100487,"0/100433/100485/100487","医学检验技术师,Medical laboratory technologist"
医疗类,医学检验证书,中级检验师,100488,"0/100433/100485/100488","中级检验师,Intermediate Medical Laboratory Technologist"
医疗类,医学检验证书,副高级检验师,100489,"0/100433/100485/100489","副高级检验师,Associate - senior Medical Laboratory Technologist"
医疗类,医学检验证书,高级检验师,100490,"0/100433/100485/100490","高级检验师,Full - senior Medical Laboratory Technologist"
体育健身类,健身教练国家职业资格证书,初级健身教练,100493,"0/100491/100492/100493","初级健身教练,Primary Fitness Coach"
体育健身类,健身教练国家职业资格证书,中级健身教练,100494,"0/100491/100492/100494","中级健身教练,Intermediate Fitness Coach"
体育健身类,健身教练国家职业资格证书,高级健身教练,100495,"0/100491/100492/100495","高级健身教练,Advanced Fitness Coach"
体育健身类,健身教练国家职业资格证书,指导师级健身教练,100496,"0/100491/100492/100496","指导师级健身教练,Instructor-level fitness Coach"
体育健身类,健身教练国家职业资格证书,健身教练资格证,100497,"0/100491/100492/100497","健身教练资格证,Fitness Coach qualification certificate"
体育健身类,健身教练国家职业资格证书,中国健美协会专业健身教练证,100498,"0/100491/100492/100498","中国健美协会专业健身教练证,China Body-building Association Professional Fitness Coach Certificate"
体育健身类,健身教练国家职业资格证书,营养师证,100499,"0/100491/100492/100499","营养师证,Nutritionist Certificate"
体育健身类,健身教练国家职业资格证书,二级运动员资格证,100500,"0/100491/100492/100500","二级运动员资格证,Second-level athlete qualification certificate"
体育健身类,国家运动员,国际级运动健将,100502,"0/100491/100501/100502","国际级运动健将,International Athlete"
体育健身类,国家运动员,国家级运动健将,100503,"0/100491/100501/100503","国家级运动健将,National Athlete"
体育健身类,国家运动员,国家一级运动员,100504,"0/100491/100501/100504","国家一级运动员,National first-class athlete"
体育健身类,国家运动员,国家二级运动员,100505,"0/100491/100501/100505","国家二级运动员,National second-level athlete"
体育健身类,国家运动员,国家三级运动员,100506,"0/100491/100501/100506","国家三级运动员,National Third - class athlete"
体育健身类,国家运动员,国家少年级运动员,100507,"0/100491/100501/100507","国家少年级运动员,National Junior Athlete"
体育健身类,社会体育指导员,一级社会体育指导员,100509,"0/100491/100508/100509","一级社会体育指导员,First-level social sports instructor"
体育健身类,社会体育指导员,二级社会体育指导员,100510,"0/100491/100508/100510","二级社会体育指导员,Second-level social sports instructor"
体育健身类,社会体育指导员,三级社会体育指导员,100511,"0/100491/100508/100511","三级社会体育指导员,Third-level social sports instructor"
体育健身类,NSCA 美国国家体能协会认证,CPT注册私人教练,100513,"0/100491/100512/100513","CPT注册私人教练,CPT"
体育健身类,NSCA 美国国家体能协会认证,CSCS注册体能训练专家,100514,"0/100491/100512/100514","CSCS注册体能训练专家,CSCS"
体育健身类,NSCA 美国国家体能协会认证,CSPS注册特殊人群训练专家,100515,"0/100491/100512/100515","CSPS注册特殊人群训练专家,CSPS"
体育健身类,NSCA 美国国家体能协会认证,TSAC-F注册战术体能训练师,100516,"0/100491/100512/100516","TSAC-F注册战术体能训练师,TSAC-F"
体育健身类,ACSM美国运动医学协会认证,ACSM-CPT注册私人教练,100518,"0/100491/100517/100518","ACSM-CPT注册私人教练,ACSM-CPT"
体育健身类,ACSM美国运动医学协会认证,ACSM-HFS注册健康健身专家,100519,"0/100491/100517/100519","ACSM-HFS注册健康健身专家,ACSM-HFS"
体育健身类,ACSM美国运动医学协会认证,ACSM-CCES注册诊所锻炼专家,100520,"0/100491/100517/100520","ACSM-CCES注册诊所锻炼专家,ACSM-CCE"
体育健身类,ACSM美国运动医学协会认证,ACSM-RCEP注册诊所锻炼生理学家,100521,"0/100491/100517/100521","ACSM-RCEP注册诊所锻炼生理学家,ACSM-RCEP"
体育健身类,NASM美国国家运动医学会认证,NASM-CPT注册私人教练,100523,"0/100491/100522/100523","NASM-CPT注册私人教练,NASM-CPT"
体育健身类,NASM美国国家运动医学会认证,CES纠正性训练认证,100524,"0/100491/100522/100524","CES纠正性训练认证,CES Certification"
体育健身类,NASM美国国家运动医学会认证,PES运动表现训练专家认证,100525,"0/100491/100522/100525","PES运动表现训练专家认证,PES Certification"
体育健身类,NASM美国国家运动医学会认证,CNC 营养教练认证,100526,"0/100491/100522/100526","CNC 营养教练认证,CNC Certification"
体育健身类,国家裁判员,国家级裁判员,100528,"0/100491/100527/100528","国家级裁判员,National referee"
体育健身类,国家裁判员,国家一级裁判员,100529,"0/100491/100527/100529","国家一级裁判员,National First-class referee"
体育健身类,国家裁判员,国家二级裁判员,100530,"0/100491/100527/100530","国家二级裁判员,National Second - class Referee"
体育健身类,国家裁判员,国家三级裁判员,100531,"0/100491/100527/100531","国家三级裁判员,National Third - class Referee"
体育健身类,--,CBBA中国健美协会专业健身教练证,100533,"0/100491/100532/100533","CBBA中国健美协会专业健身教练证,CBBA Professional Fitness Coach Certificate"
体育健身类,--,红十字会救护员证,100534,"0/100491/100532/100534","红十字会救护员证,Red Cross First Aid Certificate"
体育健身类,--,IFBB国际私人健身教练证书,100535,"0/100491/100532/100535","IFBB国际私人健身教练证书,IFBB International Personal Fitness Coach Certificate"
体育健身类,ACE美国运动协会认证,CPT私人教练证书,100537,"0/100491/100536/100537","CPT私人教练证书,CPT Certificate"
体育健身类,--,AFIA注册私人健身教练证书,100538,"0/100491/100532/100538","AFIA注册私人健身教练证书,AFIA registered personal coach certificate"
体育健身类,跆拳道,跆拳道教练资格证,100540,"0/100491/100539/100540","跆拳道教练资格证,Taekwondo coach qualification certificate"
体育健身类,跆拳道,跆拳道二级运动员证,100541,"0/100491/100539/100541","跆拳道二级运动员证,Taekwondo Second - class Athlete Certificate"
体育健身类,篮球/羽毛球,篮球教练员证,100543,"0/100491/100542/100543","篮球教练员证,Basketball coach certificate"
体育健身类,篮球/羽毛球,羽毛球教练证,100544,"0/100491/100542/100544","羽毛球教练证,Badminton coach certificate"
体育健身类,篮球/羽毛球,篮球裁判员证,100545,"0/100491/100542/100545","篮球裁判员证,Basketball referee certificate"
体育健身类,篮球/羽毛球,国家篮球二级运动员,100546,"0/100491/100542/100546","国家篮球二级运动员,National Second - class Basketball Athlete"
体育健身类,篮球/羽毛球,国家篮球二级裁判员证,100547,"0/100491/100542/100547","国家篮球二级裁判员证,National Second - class Basketball Referee Certificate"
体育健身类,轮滑,轮滑教练证,100549,"0/100491/100548/100549","轮滑教练证,Roller skating coach certificate"
体育健身类,武术,武术教练员资格证,100551,"0/100491/100550/100551","武术教练员资格证,Martial Arts Coach Qualification Certificate"
体育健身类,武术,散打教练资格证,100552,"0/100491/100550/100552","散打教练资格证,Sanda coach qualification certificate"
体育健身类,武术,自由搏击教练资格证,100553,"0/100491/100550/100553","自由搏击教练资格证,Free Fighting Coach Qualification Certificate"
体育健身类,瘦身顾问,ACI注册国际营养师证,100555,"0/100491/100554/100555","ACI注册国际营养师证,ACI Registered International Nutritionist Certificate"
体育健身类,瘦身顾问,健身教练私人资格证,100556,"0/100491/100554/100556","健身教练私人资格证,Personal Fitness Coach Qualification Certificate"
体育健身类,瘦身顾问,健康管理师资格证,100557,"0/100491/100554/100557","健康管理师资格证,Health Manager Qualification Certificate"
体育健身类,瘦身顾问,美容师资格证,100558,"0/100491/100554/100558","美容师资格证,Beautician qualification certificate"
体育健身类,瘦身顾问,中医健康管理师证,100559,"0/100491/100554/100559","中医健康管理师证,TCM Health Manager Certificate"
体育健身类,美体教练,瑜伽教练资格证,100561,"0/100491/100560/100561","瑜伽教练资格证,Yoga Coach Qualification Certificate"
体育健身类,游泳教练,游泳教练资格证,100563,"0/100491/100562/100563","游泳教练资格证,Swimming coach qualification certificate"
体育健身类,游泳教练,救生员资格证,100564,"0/100491/100562/100564","救生员资格证,Lifeguard qualification certificate"
房地产建筑类,工程师职称,助理工程师,100567,"0/100565/100566/100567","助理工程师,建筑工程师资格证,Assistant Engineer"
房地产建筑类,工程师职称,中级工程师,100568,"0/100565/100566/100568","建筑工程师资格证,中级工程师,中级工程师职称,中级工程师证书,中级工程师资格证书,中级工程师证,中级工程师资格,初级工程师,Intermediate Engineer"
房地产建筑类,工程师职称,高级工程师,100569,"0/100565/100566/100569","高级工程师,建筑工程师资格证,中级工程师,Senior Engineer"
房地产建筑类,工程师职称,特级工程师,100570,"0/100565/100566/100570","特级工程师,高级工程师,建筑工程师资格证,Special - grade Engineer"
房地产建筑类,注册建造师,一级注册建造师,100572,"0/100565/100571/100572","国家一级建造师注册证,建筑工程一级建造师注册证书,国家注册一级建造师,一级建造师(机电工程)执业证书,一级建造师资格证,注册一级建造师证书,一级建造师证件,一级注册建造师执业资格,一级注册建造师资格,国家一级建造师证书,一级建造师资格,建筑专业一级建造师执业资格,一级建造师继续教育证书,国家一级建造师,一级注册建造师(建造)证书,一级建造师证书,全国一级建造师,一级建造师资格证书,一级建造职业资格,一级注册建造师,国家一级建造师证,国家一级注册建造师,国家注册一级建造师证书,一级建造师执业证书,一级建造师执业证,国家建造师证书,市政一级建造师执业资格,一级建造师师执业资格,建设部注册一级建造师,市政公用一级建造师,一级注册建造师证书,一级注册建造师执业证书,公路一级建造师执业资格,全国注册一级建造师资格,全国一级建造师执业"
房地产建筑类,注册建造师,二级注册建造师,100573,"0/100565/100571/100573","二级建造师,二级建造师执业职格证书,二级注册建造师证书,二级建造师证书,二级机电建造师证书,二级注册建造师,二级建造师资格,二级建造师资格证,国家注册二级建造师,全国二级建造师,注册二级建造师,Associate Constructor,Second Class Registered Constructor"
房地产建筑类,注册造价工程师,一级造价工程师,100575,"0/100565/100574/100575","一级造价工程师,注册造价工程师,一级造价师,造价工程师,Quantity Surveyor,First-class cost engineer"
房地产建筑类,注册造价工程师,二级造价工程师,100576,"0/100565/100574/100576","二级造价师,注册造价工程师,Associate Quantity Surveyor,造价工程师,二级造价工程师,Second - Class Cost Engineer"
房地产建筑类,--,建设工程造价员,100578,"0/100565/100577/100578","建设工程造价员,造价员,管道造价员证,安装造价员证,全国注册造价员资格,全国建设工程造价员资格证,建筑工程造价员,建筑工程造价员资格,造价员职业资格,全国造价员证,建筑和安装工程造价员资格,国家造价员证书,全国建设工程造价员,土建初级造价员,土建造价员证,全国建筑工程造价员资格证书,全国建设工程造价员证,公路甲级造价员证书,全国建设工程造价员证书,建筑工程造价员证,注册造价员资格,造价员执业资格,造价员资格,造价员证,全国土建造价员证书,安装造价员证书,全国建设工程造价员资格证书,中级造价员证书,全国注册造价员证书,全国造价员职业资格证书,全国造价员通用证书,全国造价员(师)岗位工作证书,造价员证书,暖通造价员证书,土建工程造价员证书,全国造价员资格,全国建设工程造价员资格,电气造价员证,土建造价员证书,全国造价员资格证,安装工"
房地产建筑类,安全员证,安全员A本,100580,"0/100565/100579/100580","安全员A本,Safety Officer A"
房地产建筑类,安全员证,安全员B本,100581,"0/100565/100579/100581","安全员B本,Safety Officer B"
房地产建筑类,安全员证,安全员C本,100582,"0/100565/100579/100582","安全员C本,Safety Officer C"
房地产建筑类,--,注册监理工程师,100583,"0/100565/100577/100583","注册监理工程师,全国注册监理工程师证书,监理注册证书,国家注册监理工程师注册证书,注册监理工程师证书,注册监理资格,国家注册监理师证,水利部注册监理工程师任职资格,国家注册监理工程师资格,国家注册监理工程师执业证书,监理师证,全国注册监理工程师,建设部注册监理工程师证书,全国注册监理师资格,江苏省注册监理工程师,监理工程师上岗证,监理工程师执业资格证书,监理工程师证,监理员资格证,国家注册监理工程师职业资格,监理工程师证书,专业监理工程师证,监理人员从业资格,注册监理工程证,全国注册监理工程师职业资格,国家注册监理工程师执业资格,监理员证,全国监理工程师资格证,国家注册安全监理工程师证书,全国监理工程师执业资格证书,监理工程师资格证书,注册监理工程师资格,注册监理证书,国家注册监理总监证书,全国注册监理工程师执业资格,"
房地产建筑类,注册消防工程师,一级注册消防工程师,100585,"0/100565/100584/100585","一级注册消防工程师,注册消防工程师,Level 1 Certified Fire Engineer,注册消防安全工程师执业资格,二级注册消防工程师,一级注册消防工程师资格,First Class Registered Fire Protection Engineer"
房地产建筑类,注册消防工程师,二级注册消防工程师,100586,"0/100565/100584/100586","二级注册消防工程师,Level 2 Certified Fire Engineer,注册消防工程师,注册消防安全工程师执业资格,一级注册消防工程师,一级注册消防工程师资格,Second Class Registered Fire Protection Engineer"
房地产建筑类,注册安全工程师,初级注册安全工程师,100588,"0/100565/100587/100588","初级注册安全工程师,Junior Registered Safety Engineer"
房地产建筑类,注册安全工程师,中级注册安全工程师,100589,"0/100565/100587/100589","中级注册安全工程师,Intermediate registered safety engineer"
房地产建筑类,注册安全工程师,高级注册安全工程师,100590,"0/100565/100587/100590","高级注册安全工程师,Senior Registered Safety Engineer"
房地产建筑类,房地产经纪人,房地产经纪人资格证,100592,"0/100565/100591/100592","房地产经纪人执业资格证书,房地产经纪资格,全国房地产经纪人执业证书,房地产经纪人执业资格证,全国房地产经纪人证,北京市房地产经纪人资格证书,房地产经纪人资格证书,房地产经纪人资格证,房地产经纪人证,全国房地产经纪人证书,房地产经纪人证书,经纪人资格证书,Real estate agent qualification certificate"
房地产建筑类,注册建筑师,一级注册建筑师,100594,"0/100565/100593/100594","国家一级注册建筑师资格,一级注册建筑师证,一级注册建筑资格,一级注册建筑师证书,国家注册一级建筑师执业资格,注册一级建筑师资质,一级注册建筑工程师证,一级注册建筑师执业资格,国家一级注册建筑师证书,一级注册建筑工程师资质,一级注册建筑师资格,一级注册建筑师注册资格,一级注册建筑师,注册师资格,First Class Registered Architect"
房地产建筑类,注册建筑师,二级注册建筑师,100595,"0/100565/100593/100595","二级注册建筑师,注册建筑师执业证书,Second Class Registered Architect"
房地产建筑类,注册结构工程师,一级注册结构工程师,100597,"0/100565/100596/100597","一级注册结构师资质,国家一级注册结构工程师资格,国家一级注册结构设计师证书,注册工程师证书,国家注册结构资格,注册结构工程师资质,一级注册结构工程师证书,一级注册结构证书,国家一级注册结构工程师执业资格,国家一级注册结构工程师证书,一级注册结构工程师证,注册结构工程师执业证书,注册结构师,注册一级结构师资格,一级注册结构师,国家一级注册结构师资格,一级注册结构工程师执业资格,注册结构工程师证,注册结构工程师证书,一级注册结构工程师,注册结构工程师执业资格,中国一级注册结构工程师资格,国家注册结构工程师证书,注册结构工程师资格,一级注册结构师资格,已取得注册结构工程师证,国家一级注册结构师证书,国家一级注册结构工程师证,一级注册结构师证,一级注册结构工程师资格,注册结构师证书,First-class registered structural engineer"
房地产建筑类,注册结构工程师,二级注册结构工程师,100598,"0/100565/100596/100598","二级注册结构工程师,Second Class Registered Structural Engineer"
房地产建筑类,--,注册电气工程师,100599,"0/100565/100577/100599","注册电气工程师,Registered Electrical Engineer,注册电气工程师执业资格,注册电气工程师证书,注册电气执业资格,一级注册电气工程师资格,注册电气工程师(供配电)资格,电气工程师证,中级电气工程师证,电气专业高级工程师证书,注册电气证书,注册工程师证,注册电气工程师资格,注册电气师资质,电气工程师证书,注册电气工程师执业证书,中级电气工程师"
房地产建筑类,--,环境影响评价工程师,100600,"0/100565/100577/100600","环境影响评价工程师,Environmental impact assessment engineer"
房地产建筑类,--,注册物业管理师,100601,"0/100565/100577/100601","CPM,Certified Property Manager,注册物业管理师,物业管理员中级,物业管理资格证,全国物业管理企业经理证书,物业管理员资格证,全国物业管理企业经理岗位证书,物业管理员证,物业管理企业经理,全国物业管理师,物业管理员四级证书,物业管理中级证,全国物业管理企业经理证,注册物业管理师证书,全国注册物业管理师,物业管理师资格证,物业管理证书,中国物业管理企业经理,物业注册管理师证书,物业管理师,物业管理从业人员岗位证书,物业管理员资格证书,物业管理师证书,物业管理资格证书,全国物业管理经理上岗证,物业管理职业资格证书,全国物业管理从业人员岗位证书,全国物业管理企业经理资格证书,物业管理师资格证书,国家注册物业管理师,物业管理中级证书,注册物业管理师资格证书,Registered Property Manager"
房地产建筑类,--,注册咨询工程师,100602,"0/100565/100577/100602","咨询工程师证,注册咨询工程师(投资)执业资格,注册咨询工程师(投资),注册咨询工程工程师证书,国家注册咨询工程(投资)执业资格,注册咨询师(投资)证书,注册咨询工程师(投资)执业资格证书,国家注册咨询工程师资格,咨询工程师证书,注册咨询工程师资格,注册咨询工程师,注册咨询工程师执业资格,注册咨询师资格,注册咨询师证,咨询工程师执业证书,注册咨询工程师证,中华人民共和国注册咨询工程师(投资)执业资格,注册咨询工程师（投资）执业资格证书,Registered Consulting Engineer"
房地产建筑类,注册土木工程师,注册土木工程师（岩土）,100604,"0/100565/100603/100604","注册土木工程师（岩土）,Registered Civil Engineer (Geotechnical)"
房地产建筑类,注册土木工程师,注册土木工程师（水利水电）,100605,"0/100565/100603/100605","注册土木工程师（水利水电）,Registered Civil Engineer (Water Conservancy and Hydropower)"
房地产建筑类,注册土木工程师,注册土木工程师（道路）,100606,"0/100565/100603/100606","注册土木工程师（道路）,Registered Civil Engineer (Roads)"
房地产建筑类,注册土木工程师,注册土木工程师（港口航道）,100607,"0/100565/100603/100607","注册土木工程师（港口航道）,Registered Civil Engineer (Ports and Waterways)"
房地产建筑类,注册公用设备工程师,注册公用设备工程师（暖通）,100609,"0/100565/100608/100609","注册公用设备工程师（暖通）,Registered Utility Equipment Engineer (HVAC)"
房地产建筑类,注册公用设备工程师,注册公用设备工程师（给水排水）,100610,"0/100565/100608/100610","注册公用设备工程师（给水排水）,Registered Utility Equipment Engineer (Water Supply and Drainage)"
房地产建筑类,注册公用设备工程师,注册公用设备工程师（动力）,100611,"0/100565/100608/100611","注册公用设备工程师（动力）,Registered Utility Equipment Engineer (Power)"
房地产建筑类,--,房地产经纪人协理从业资格证,100612,"0/100565/100577/100612","房地产经纪人执业资格证书,房地产经纪人协理从业资格证,Real estate agent assistant practice qualification certificate"
房地产建筑类,--,房地产估价师,100613,"0/100565/100577/100613","房地产估价师,房地产估价师执业资格证书,Real estate appraiser"
房地产建筑类,--,BIM证书,100614,"0/100565/100577/100614","BIM证书,BIM Certificate"
房地产建筑类,--,物业管理师资格证书,100615,"0/100565/100577/100615","物业管理员中级,物业管理资格证,全国物业管理企业经理证书,物业管理员资格证,全国物业管理企业经理岗位证书,物业管理员证,物业管理企业经理,全国物业管理师,物业管理员四级证书,物业管理中级证,全国物业管理企业经理证,注册物业管理师证书,全国注册物业管理师,物业管理师资格证,物业管理证书,中国物业管理企业经理,物业注册管理师证书,物业管理师,物业管理从业人员岗位证书,物业管理员资格证书,物业管理师证书,物业管理资格证书,全国物业管理经理上岗证,物业管理职业资格证书,全国物业管理从业人员岗位证书,注册物业管理师,物业管理师资格证书,全国物业管理企业经理资格证书,国家注册物业管理师,物业管理中级证书,注册物业管理师资格证书,Property Manager Qualification Certificate"
房地产建筑类,--,施工员证,100616,"0/100565/100577/100616","建筑施工员上岗证,水暖施工员岗位证书,市政施工员证书,土建施工员证书,施工员岗位证书,施工员,施工员证,中级施工员证书,施工员证书,装饰施工员证,建筑工程施工员,土建施工员证,Construction worker certificate"
房地产建筑类,--,资料员证,100617,"0/100565/100577/100617","建筑资料员证书,资料员证,资料员资格证书,工程资料员证书,建设工程资料员,资料员证书,工程资料员职业证书,资料员资格证,资料员岗位证书,资料员培训证书,资料员,资料员上岗证书,Data clerk certificate"
房地产建筑类,--,质检员证,100618,"0/100565/100577/100618","质检员证,Quality inspector certificate"
房地产建筑类,--,材料员,100619,"0/100565/100577/100619","材料员,材料员上岗证,Material Handler"
人力行政类,人力资源管理师,人力资源管理员,100622,"0/100620/100621/100622","人力资源管理员,四级人力资源管理师,人力资源管理员证书,Human Resources Administrator"
人力行政类,人力资源管理师,人力资源管理师四级,100623,"0/100620/100621/100623","人力资源管理师四级,人力资源管理员,四级人力资源管理师,Human Resources Manager Level 4"
人力行政类,人力资源管理师,人力资源管理师三级,100624,"0/100620/100621/100624","企业人力资源师三级,企业人力资源管理三级证书,人力资源管理三级,企业人力资源管理三级,企业三级人力资源管理师,国家人力资源师三级,人力资源管理师3级,人力资源助理师三级,人力资源3级,企业人力资源三级证书,三级企业人力资源管理师证书,三级企业人力资源管理师,人力资源师三级证,三级人力资源,人力资源三级证书,企业人力资源管理师三级,国家人力资源管理师,国家企业人力资源管理师三级,国家三级人力资源管理师,三级人力资源证,人力资源三级证,三级企业人力资源管理师资格证书,企业人力资源管理师三级证书,人力资源三级管理师,人力资源师三级,三级人力资源师,人力资源管理师三级证书,人力资源师三级证书,人力资源助理管理师,国家人力资源三级,人力资源管理三级证书,国家三级企业人力资源管理师,全国人力资源管理师三级证书,国家人力资源管理师三"
人力行政类,人力资源管理师,人力资源管理师二级,100625,"0/100620/100621/100625","人力资源管理师二级,二级人力资源管理师,人力资源管理师,Human Resources Manager Level 2"
人力行政类,人力资源管理师,人力资源师一级,100626,"0/100620/100621/100626","高级人力资源管理师,人力资源师一级,HRP,一级人力资源管理师,Human Resources Manager Level 1"
人力行政类,--,行政管理师,100628,"0/100620/100627/100628","行政管理师,Administrative Manager"
人力行政类,秘书资格证,秘书五级,100630,"0/100620/100629/100630","秘书五级,五级秘书,Secretary Level 5"
人力行政类,秘书资格证,秘书四级,100631,"0/100620/100629/100631","秘书四级,四级秘书,Secretary Level 4"
人力行政类,秘书资格证,秘书三级,100632,"0/100620/100629/100632","秘书三级,三级秘书,Secretary Level 3"
人力行政类,秘书资格证,秘书二级,100633,"0/100620/100629/100633","二级秘书,秘书二级,Secretary Level 2"
人力行政类,秘书资格证,秘书（涉外）,100634,"0/100620/100629/100634","秘书（涉外）,一级秘书,Secretary (foreign affairs)"
人力行政类,社会工作者证书,助理社会工作师,100636,"0/100620/100635/100636","助理社会工作师,Assistant Social Worker"
人力行政类,社会工作者证书,社会工作师,100637,"0/100620/100635/100637","社会工作师,Social Worker"
人力行政类,社会工作者证书,高级社会工作师,100638,"0/100620/100635/100638","高级社会工作师,Senior Social Worker"
人力行政类,经济师（人力）,初级经济师（人力）,100640,"0/100620/100639/100640","初级经济师,初级经济师（人力）,Primary Economist (Human Resources)"
人力行政类,经济师（人力）,中级经济师（人力）,100641,"0/100620/100639/100641","中级经济师,中级经济师（人力）,Intermediate Economist (Human Resources)"
人力行政类,经济师（人力）,高级经济师（人力）,100642,"0/100620/100639/100642","高级经济师（人力）,高级经济师,Senior Economist (Human Resources)"
人力行政类,国际注册人力资源管理师,国际准注册人力资源管理师,100644,"0/100620/100643/100644","国际准注册人力资源管理师,International Associate Registered Human Resources Manager"
人力行政类,国际注册人力资源管理师,国际注册人力资源管理师,100645,"0/100620/100643/100645","注册国际人力资源师,国际注册人力资源管理师,注册人力资源管理师,CHRP,Internationally certified human resources manager"
人力行政类,国际注册人力资源管理师,国际注册高级人力资源管理师,100646,"0/100620/100643/100646","国际注册高级人力资源管理师,SPHR,高级注册人力资源经理,Senior Professional in Human Resources,Internationally registered senior human resources manager"
人力行政类,--,GCDF全球职业规划师,100647,"0/100620/100627/100647","GCDF全球职业规划师,GCDF"
人力行政类,IPMA-HR美国人力资源管理协会认证,IPMA-CP国际高级人力资源管理师,100649,"0/100620/100648/100649","IPMA-CP国际高级人力资源管理师,IPMA-CP"
人力行政类,IPMA-HR美国人力资源管理协会认证,IPMA-CS国际高级人力资源管理专家,100650,"0/100620/100648/100650","IPMA-CS国际高级人力资源管理专家,IPMA-CS"
艺术类,ABRSM英皇音乐考级,英皇音乐考级8级,100653,"0/100651/100652/100653","英皇音乐考级8级,ABRSM Grade 8"
艺术类,ABRSM英皇音乐考级,英皇音乐考级演奏级,100654,"0/100651/100652/100654","英皇音乐考级演奏级,ABRSM Diploma in Performance"
艺术类,ABRSM英皇音乐考级,英皇音乐考级教学级,100655,"0/100651/100652/100655","英皇音乐考级教学级,ABRSM Diploma in Teaching"
艺术类,ABRSM英皇音乐考级,英皇音乐考级指挥级,100656,"0/100651/100652/100656","英皇音乐考级指挥级,ABRSM Diploma in Conducting"
艺术类,RAD英皇芭蕾舞考级,RAD英皇芭蕾舞专业级,100658,"0/100651/100657/100658","RAD英皇芭蕾舞专业级,RAD Ballet Professional Level"
艺术类,RAD英皇芭蕾舞考级,RAD英皇芭蕾舞教师资格,100659,"0/100651/100657/100659","RAD英皇芭蕾舞教师资格,RAD Ballet Teacher Qualification"
艺术类,中国舞蹈家协会考级,舞协中国舞10级,100661,"0/100651/100660/100661","舞协中国舞10级,Dance Association Chinese Dance Level 10"
艺术类,中国舞蹈家协会考级,舞协注册舞蹈教师,100662,"0/100651/100660/100662","舞协注册舞蹈教师,Dance Association registered dance teacher"
艺术类,中国舞蹈家协会考级,舞协金牌舞蹈教师,100663,"0/100651/100660/100663","舞协金牌舞蹈教师,Dance Association Gold Medal Dance Teacher"
艺术类,中国舞蹈家协会考级,舞协特级舞蹈教师,100664,"0/100651/100660/100664","舞协特级舞蹈教师,Dance Association Special-grade Dance Teacher"
艺术类,上海音乐协会考级,音协古筝3级,100666,"0/100651/100665/100666","音协古筝3级,Music Association Guzheng Level 3"
艺术类,上海音乐协会考级,音协声乐9级,100667,"0/100651/100665/100667","音协声乐9级,Music Association Vocal Music Level 9"
艺术类,上海音乐协会考级,音协声乐艺术级,100668,"0/100651/100665/100668","音协声乐艺术级,Music Association Vocal Music - Artistic Level"
艺术类,上海音乐协会考级,音协钢琴10级,100669,"0/100651/100665/100669","音协钢琴10级,Music Association Piano Level 10"
艺术类,上海音乐协会考级,音协钢琴演奏级,100670,"0/100651/100665/100670","音协钢琴演奏级,Music Association Piano Performance Level"
艺术类,上海音乐学院考级,上海音乐学院考级10级,100672,"0/100651/100671/100672","上海音乐学院考级10级,Shanghai Conservatory of Music Grade 10"
艺术类,中国歌舞剧院考级,歌舞剧院古典舞14级,100674,"0/100651/100673/100674","歌舞剧院古典舞14级,China National Opera & Dance Drama Theater Classical Dance - Level 14"
艺术类,中国歌舞剧院考级,歌舞剧院民间舞14级,100675,"0/100651/100673/100675","歌舞剧院民间舞14级,China National Opera & Dance Drama Theater Folk Dance - Level 14"
艺术类,中国歌舞剧院考级,歌舞剧院国标舞11级,100676,"0/100651/100673/100676","歌舞剧院国标舞11级,China National Opera & Dance Drama Theater Folk Dance - Level 11"
艺术类,北京舞蹈学院考级,北舞中国舞教师资格证,100678,"0/100651/100677/100678","北舞中国舞教师资格证,Beijing Dance Academy Chinese Dance Teacher Qualification Certificate"
艺术类,北京舞蹈学院考级,北舞芭蕾舞教师资格证,100679,"0/100651/100677/100679","北舞芭蕾舞教师资格证,Beijing Dance Academy Ballet Teacher Qualification Certificate"
艺术类,北京舞蹈学院考级,北舞国标舞教师资格证,100680,"0/100651/100677/100680","北舞国标舞教师资格证,Beijing Dance Academy Ballroom Dance Teacher Qualification Certificate"
艺术类,北京舞蹈学院考级,北舞中国舞13级,100681,"0/100651/100677/100681","北舞中国舞13级,Beijing Dance Academy Chinese Dance Level 13"
艺术类,北京舞蹈学院考级,北舞芭蕾舞8级,100682,"0/100651/100677/100682","北舞芭蕾舞8级,Beijing Dance Academy Ballet Level 8"
艺术类,北京舞蹈学院考级,北舞国标舞10级,100683,"0/100651/100677/100683","北舞国标舞10级,Beijing Dance Academy Ballroom Dance Level 10"
艺术类,中国音乐学院考级,中国音乐学院考级,100685,"0/100651/100684/100685","中国音乐学院考级,China Conservatory of Music Grade Examination"
艺术类,中央音乐学院考级,中央音乐学院考级,100687,"0/100651/100686/100687","中央音乐学院考级,Central Conservatory of Music Grade Examination"
营养师类,卫健委健康管理师,健康管理师一级,100690,"0/100688/100689/100690","健康管理师一级,Health Manager Level 1"
营养师类,卫健委健康管理师,健康管理师二级,100691,"0/100688/100689/100691","健康管理师二级,Health Manager Level 2"
营养师类,卫健委健康管理师,健康管理师三级,100692,"0/100688/100689/100692","高级健康管理师,健康管理师证,三级健康管理师,健康管理师三级,职业健康管理员,高级健康管理师资格证书,Health Manager Level 3"
营养师类,营养师职业资格证,初级营养师,100694,"0/100688/100693/100694","初级营养师,Junior Nutritionist"
营养师类,营养师职业资格证,中级营养师,100695,"0/100688/100693/100695","中级营养师,Intermediate Nutritionist"
营养师类,营养师职业资格证,高级营养师,100696,"0/100688/100693/100696","高级营养师,Senior Nutritionist"
营养师类,国家注册营养师,国家注册营养师,100698,"0/100688/100697/100698","国家注册营养师,National Registered Dietitian"
营养师类,国家注册营养师,国家注册营养技师,100699,"0/100688/100697/100699","国家注册营养技师,National Registered Dietetic Technician"
营养师类,--,ACI国际注册营养师,100701,"0/100688/100700/100701","ACI国际注册营养师,ACI International Registered Nutritionist"
驾驶类,AOPA无人机执照,AOPA无人机驾驶员执照,100704,"0/100702/100703/100704","AOPA无人机驾驶员执照,AOPA Drone Pilot License"
驾驶类,AOPA无人机执照,AOPA无人机机长执照,100705,"0/100702/100703/100705","AOPA无人机机长执照,AOPA Drone Captain License"
驾驶类,机动车驾驶证,驾驶证A1,100707,"0/100702/100706/100707","A1证,货运资格证,机动车,A1驾照,货车,驾驶证A1,客车,客运资格证,Driving license A1"
驾驶类,机动车驾驶证,驾驶证A2,100708,"0/100702/100706/100708","A2证,机动车,A2驾照,驾驶证A2,牵引车,Driving license A2"
驾驶类,机动车驾驶证,驾驶证A3,100709,"0/100702/100706/100709","城市公交车,机动车,A3驾照,驾驶证A3,A3证,Driving license A3"
驾驶类,机动车驾驶证,驾驶证B1,100710,"0/100702/100706/100710","B1证,机动车,B1驾照,驾驶证B1,中型客车,客运资格证,Driving license B1"
驾驶类,机动车驾驶证,驾驶证B2,100711,"0/100702/100706/100711","大型货车,B1证,货运资格证,机动车,B2驾照,驾驶证B2,Driving license B2"
驾驶类,机动车驾驶证,驾驶证C1,100712,"0/100702/100706/100712","驾驶证C1,C1证,C1驾照,机动车,小型汽车,Driving license C1"
驾驶类,机动车驾驶证,驾驶证C2,100713,"0/100702/100706/100713","C2证,小型自动挡汽车,机动车,C2驾照,驾驶证C2,Driving license C2"
驾驶类,机动车驾驶证,驾驶证D,100714,"0/100702/100706/100714","驾驶证D,Driving license D"
驾驶类,机动车驾驶证,驾驶证E,100715,"0/100702/100706/100715","驾驶证E,Driving license E"
驾驶类,机动车驾驶证,驾驶证F,100716,"0/100702/100706/100716","驾驶证F,Driver's license F"
技工类,--,健康证,100719,"0/100717/100718/100719","健康证,Health certificate"
技工类,电工职业资格证,电工五级,100721,"0/100717/100720/100721","电工五级,Electrician Level 5"
技工类,电工职业资格证,电工四级,100722,"0/100717/100720/100722","电工四级,Electrician Level 4"
技工类,电工职业资格证,电工三级,100723,"0/100717/100720/100723","电工三级,Electrician Level 3"
技工类,电工职业资格证,电工二级,100724,"0/100717/100720/100724","电工二级,Electrician Level 2"
技工类,电工职业资格证,电工一级,100725,"0/100717/100720/100725","电工一级,Electrician Level 1"
技工类,--,电工特种作业操作证,100726,"0/100717/100718/100726","低压电工作业,低压电工上岗证,电工作业操作证,电工上岗证,电工职业资格证,电工特种作业操作证,低压电工作业操作证,低压电工作业证,电工技师证书,电工职业资格证书,低压电工操作证,电工上岗操作证,特种作业电工操作证,电工等级证书,Electrician special operation certificate"
技工类,--,电工进网作业许可证,100727,"0/100717/100718/100727","进网作业许可证,电工进网作业许可证,上海市高压电工进网许可证,电工进网许可证,高压进网作业许可证,高压进网许可证,高压进网作业证,Electrician Power Grid Operation Permit"
技工类,钳工,钳工职业资格证,100729,"0/100717/100728/100729","钳工职业资格证,Fitter professional qualification certificate"
技工类,钳工,初级钳工职业资格证,100730,"0/100717/100728/100730","初级钳工职业资格证,Junior Fitter Professional Qualification Certificate"
技工类,钳工,钳工中级职业资格证,100731,"0/100717/100728/100731","钳工中级职业资格证,Intermediate Fitter Professional Qualification Certificate"
技工类,钳工,高级钳工职业资格证,100732,"0/100717/100728/100732","高级钳工职业资格证,Senior fitter professional qualification certificate"
技工类,钳工,钳工技师职业资格证,100733,"0/100717/100728/100733","钳工技师职业资格证,Fitter technician professional qualification certificate"
技工类,钳工,钳工高级技师职业资格证,100734,"0/100717/100728/100734","钳工高级技师职业资格证,Fitter Senior Technician Professional Qualification Certificate"
技工类,--,特种设备作业人员证,100735,"0/100717/100718/100735","特种设备作业人员证,特种设备作业证,特种设备作业人员证书,Special equipment operator certificate"
技工类,--,建筑施工特种操作资格证,100736,"0/100717/100718/100736","建筑施工特种操作资格证,Construction special operation qualification certificate"
技工类,焊工,焊工职业资格证,100738,"0/100717/100737/100738","焊工证,焊工上岗证,焊工操作证,焊工职业资格证,Welder professional qualification certificate"
技工类,焊工,特种设备作业焊工证,100739,"0/100717/100737/100739","特种设备作业焊工证,Special equipment operation welder certificate"
技工类,焊工,初级焊工职业资格证,100740,"0/100717/100737/100740","初级焊工职业资格证,初级焊工,Junior welder professional qualification certificate"
技工类,焊工,中级焊工职业资格证,100741,"0/100717/100737/100741","中级焊工,中级焊工职业资格证,电焊资格证,Intermediate welder professional qualification certificate"
技工类,焊工,高级焊工职业资格证,100742,"0/100717/100737/100742","高级焊工,高级焊工职业资格证,Senior welder professional qualification certificate"
技工类,焊工,焊工技师职业资格证,100743,"0/100717/100737/100743","技师焊工,焊工技师职业资格证,Welding technician professional qualification certificate"
技工类,焊工,焊工高级技师职业资格证,100744,"0/100717/100737/100744","焊工高级技师职业资格证,高级技师焊工,Welder senior technician professional qualification certificate"
技工类,数控车工职业资格,数控车工五级,100746,"0/100717/100745/100746","数控车工五级,CNC lathe operator level 5"
技工类,数控车工职业资格,数控车工四级,100747,"0/100717/100745/100747","数控车工四级,CNC lathe operator level 4"
技工类,数控车工职业资格,数控车工三级,100748,"0/100717/100745/100748","数控车工三级,CNC lathe operator level 3"
技工类,数控车工职业资格,数控车工二级,100749,"0/100717/100745/100749","数控车工二级,CNC lathe operator level 2"
技工类,数控车工职业资格,数控车工一级,100750,"0/100717/100745/100750","数控车工一级,CNC lathe operator level 1"
技工类,样衣工,服装制作工职业资格证,100752,"0/100717/100751/100752","服装制作工职业资格证,Garment maker professional qualification certificate"
技工类,样衣工,初级服装制作工职业资格证,100753,"0/100717/100751/100753","初级服装制作工职业资格证,Junior garment maker professional qualification certificate"
技工类,样衣工,中级服装制作工职业资格证,100754,"0/100717/100751/100754","中级服装制作工职业资格证,Intermediate garment maker professional qualification certificate"
技工类,样衣工,高级服装制作工职业资格证,100755,"0/100717/100751/100755","高级服装制作工职业资格证,Senior garment maker professional qualification certificate"
技工类,样衣工,服装制作工技师职业资格证,100756,"0/100717/100751/100756","服装制作工技师职业资格证,Garment production technician professional qualification certificate"
技工类,模具工,模具工职业资格证,100758,"0/100717/100757/100758","模具工职业资格证,Mold Maker Professional Qualification Certificate"
技工类,模具工,中级模具工职业资格证,100759,"0/100717/100757/100759","中级模具工职业资格证,Intermediate mold worker professional qualification certificate"
技工类,模具工,高级模具工职业资格证,100760,"0/100717/100757/100760","高级模具工职业资格证,Senior mold worker professional qualification certificate"
技工类,模具工,模具工技师职业资格证,100761,"0/100717/100757/100761","模具工技师职业资格证,Mold Technician Professional Qualification Certificate"
技工类,模具工,模具工高级技师职业资格证,100762,"0/100717/100757/100762","模具工高级技师职业资格证,Senior Mold Technician Professional Qualification Certificate"
技工类,木工证,手工木工职业资格证,100764,"0/100717/100763/100764","手工木工职业资格证,Manual Carpentry  Professional Qualification Certificate"
技工类,木工证,初级手工木工职业资格证,100765,"0/100717/100763/100765","初级手工木工职业资格证,Primary manual carpenty professional qualification certificate"
技工类,木工证,中级手工木工职业资格证,100766,"0/100717/100763/100766","中级手工木工职业资格证,Intermediate manual carpenty professional qualification certificate"
技工类,木工证,高级手工木工职业资格证,100767,"0/100717/100763/100767","高级手工木工职业资格证,Advancedmanual carpenty Qualification Certificate"
技工类,木工证,手工木工技师职业资格证,100768,"0/100717/100763/100768","手工木工技师职业资格证,Manual carpenty technician professional qualification certificate"
技工类,木工证,手工木工高级技师职业资格证,100769,"0/100717/100763/100769","手工木工高级技师职业资格证,Senior manual carpenty technician professional qualification certificate"
技工类,车工,车工职业资格证,100771,"0/100717/100770/100771","车工职业资格证,Turner Professional Qualification Certificate"
技工类,车工,初级车工职业资格证,100772,"0/100717/100770/100772","初级车工职业资格证,Junior Turner Professional Qualification Certificate"
技工类,车工,中级车工职业资格证,100773,"0/100717/100770/100773","中级车工职业资格证,Intermediate Turner Professional Qualification Certificate"
技工类,车工,高级车工职业资格证,100774,"0/100717/100770/100774","高级车工职业资格证,Senior Turner Professional Qualification Certificate"
技工类,车工,车工技师职业资格证,100775,"0/100717/100770/100775","车工技师职业资格证,Turner technician professional qualification certificate"
技工类,车工,车工高级技师职业资格证,100776,"0/100717/100770/100776","车工高级技师职业资格证,Senior turner technician professional qualification certificate"
技工类,铣工,铣工职业资格证,100778,"0/100717/100777/100778","铣工职业资格证,Milling professional qualification certificate"
技工类,铣工,初级铣工职业资格证,100779,"0/100717/100777/100779","初级铣工职业资格证,Junior milling professional qualification certificate"
技工类,铣工,中级铣工职业资格证,100780,"0/100717/100777/100780","中级铣工职业资格证,Intermediate milling professional qualification certificate"
技工类,铣工,高级铣工职业资格证,100781,"0/100717/100777/100781","高级铣工职业资格证,Senior milling professional qualification certificate"
技工类,铣工,铣工技师职业资格证,100782,"0/100717/100777/100782","铣工技师职业资格证,Milling technician professional qualification certificate"
技工类,铣工,铣工高级技师职业资格证,100783,"0/100717/100777/100783","铣工高级技师职业资格证,Milling technician professional qualification certificate"
技工类,钣金,钣金工职业资格证,100785,"0/100717/100784/100785","钣金工职业资格证,Sheet metal worker professional qualification certificate"
技工类,钣金,初级钣金工职业资格证,100786,"0/100717/100784/100786","初级钣金工职业资格证,Junior sheet metal worker professional qualification certificate"
技工类,钣金,中级钣金工职业资格证,100787,"0/100717/100784/100787","中级钣金工职业资格证,Intermediate sheet metal worker professional qualification certificate"
技工类,钣金,高级钣金工职业资格证,100788,"0/100717/100784/100788","高级钣金工职业资格证,Senior sheet metal worker professional qualification certificate"
技工类,空调工,高空作业证,100790,"0/100717/100789/100790","高空作业证,High-altitude work permit"
技工类,空调工,制冷工特种作业操作证,100791,"0/100717/100789/100791","制冷工特种作业操作证,Refrigeration worker special operation certificate"
技工类,空调工,压力容器操作证,100792,"0/100717/100789/100792","压力容器操作证,Pressure vessel operation certificate"
技工类,空调工,初级制冷工职业资格证,100793,"0/100717/100789/100793","初级制冷工职业资格证,Junior Refrigeration Worker Professional Qualification Certificate"
技工类,空调工,中级制冷工职业资格证,100794,"0/100717/100789/100794","中级制冷工职业资格证,Intermediate Refrigeration Worker Professional Qualification Certificate"
技工类,空调工,高级制冷工职业资格证,100795,"0/100717/100789/100795","高级制冷工职业资格证,Senior Refrigeration Worker Professional Qualification Certificate"
技工类,空调工,制冷工技师职业资格证,100796,"0/100717/100789/100796","制冷工技师职业资格证,Refrigeration technician professional qualification certificate"
技工类,化学分析,化学分析工程师证,100798,"0/100717/100797/100798","化学分析工程师证,Chemical Analysis Engineer Certificate"
技工类,化学分析,高级化学分析工程师证,100799,"0/100717/100797/100799","高级化学分析工程师证,Senior Chemical Analysis Engineer Certificate"
技工类,实验室技术员,检验员资格证,100801,"0/100717/100800/100801","检验师资格证,检验员资格证,Inspector qualification certificate"
技工类,实验室技术员,试验员证,100802,"0/100717/100800/100802","试验员证,Tester Certificate"
技工类,--,消防中控员证书,100803,"0/100717/100718/100803","消防中控员证书,Fire control officer certificate"
技工类,月嫂证,育婴师职业资格证,100805,"0/100717/100804/100805","育婴师资格证,育婴师职业资格证,Infant care professional qualification certificate"
技工类,月嫂证,母婴护理师职业资格证,100806,"0/100717/100804/100806","母婴护理师职业资格证,Maternal and infant care professional qualification certificate"
技工类,月嫂证,育婴员职业资格证,100807,"0/100717/100804/100807","育婴员职业资格证,Infant caregiver professional qualification certificate"
技工类,月嫂证,高级育婴师职业资格证,100808,"0/100717/100804/100808","高级育婴师职业资格证,Senior infant care professional qualification certificate"
技工类,月嫂证,催乳师职业资格证,100809,"0/100717/100804/100809","催乳师职业资格证,Lactation consultant professional qualification certificate"
技工类,硬件维修工程师职业资格证,硬件维修工程师职业资格证,100811,"0/100717/100810/100811","硬件维修工程师职业资格证,Hardware maintenance engineer professional qualification certificate"
技工类,产后康复师证,产后康复师职业资格证,100813,"0/100717/100812/100813","产后康复师职业资格证,Postpartum rehabilitation therapist professional qualification certificate"
技工类,产后康复师证,理疗师职业资格证,100814,"0/100717/100812/100814","理疗师职业资格证,Physical therapist professional qualification certificate"
技工类,产后康复师证,营养师资格证,100815,"0/100717/100812/100815","一级公共营养师,三级公共营养师证书,国家公共营养师三级,国家三级营养师,公共营养师职业资格证书,国家营养师三级,中级公共营养师,营养师三级证书,公共营养师三级,国家高级公共营养师,三级公共营养师,四级公共营养师,公共营养师证,公共营养师高级证书,国家三级公共营养师证,中级营养师证书,二级公共营养师,国家二级公共营养师,高级公共营养师,营养师资格证,公共营养师三级证书,Nutritionist qualification certificate"
技工类,产后康复师证,健康管理师职业资格证,100816,"0/100717/100812/100816","健康管理师职业资格证,Health Manager Professional Qualification Certificate"
技工类,纹绣师证,纹绣师职业资格证,100818,"0/100717/100817/100818","纹绣师职业资格证,Tattoo artist professional qualification certificate"
技工类,美容师证,美容师职业资格证,100820,"0/100717/100819/100820","美容师职业资格证,Beautician professional qualification certificate"
技工类,保健按摩,保健按摩师职业资格证,100822,"0/100717/100821/100822","保健按摩师职业资格证,Health massage therapist professional qualification certificate"
技工类,化妆师证,化妆师职业资格证,100824,"0/100717/100823/100824","化妆师职业资格证,高级化妆师,中级化妆师,化妆技师,初级化妆师,高级化妆师职业证书,高级化妆技师,Makeup artist professional qualification certificate"
技工类,化妆师证,初级化妆师职业资格证,100825,"0/100717/100823/100825","化妆师资格证,初级化妆师职业资格证,初级化妆师,化妆师,Junior Makeup Artist Professional Qualification Certificate"
技工类,化妆师证,中级化妆师职业资格证,100826,"0/100717/100823/100826","化妆师资格证,中级化妆师职业资格证,中级化妆师,化妆师,Intermediate Makeup Artist Professional Qualification Certificate"
技工类,化妆师证,高级化妆师职业资格证,100827,"0/100717/100823/100827","化妆师资格证,高级化妆师,化妆师,高级化妆师职业资格证,Senior Makeup Artist Qualification Certificate"
技工类,化妆师证,化妆技师职业资格证,100828,"0/100717/100823/100828","化妆师资格证,化妆技师职业资格证,化妆技师,化妆师,Makeup technician professional qualification certificate"
技工类,化妆师证,高级化妆技师职业资格证,100829,"0/100717/100823/100829","化妆师资格证,化妆师,高级化妆技师职业资格证,高级化妆技师,Senior Makeup Technician Professional Qualification Certificate"
技工类,理疗师证,健康管理师证,100831,"0/100717/100830/100831","高级健康管理师,健康管理师证,三级健康管理师,健康管理师三级,职业健康管理员,高级健康管理师资格证书,Health Manager Certificate"
技工类,理疗师证,康复理疗师证,100832,"0/100717/100830/100832","康复理疗师证,Rehabilitation therapist certificate"
技工类,给排水,二级建造师执业资格证,100834,"0/100717/100833/100834","Constructor,一级建造师,二级建造师执业资格证,Second-level constructor qualification certificate"
技工类,给排水,一级建造师执业资格证,100835,"0/100717/100833/100835","国家一级建造师注册证,建筑工程一级建造师注册证书,国家注册一级建造师,一级建造师(机电工程)执业证书,一级建造师资格证,注册一级建造师证书,一级建造师证件,一级注册建造师执业资格,一级注册建造师资格,国家一级建造师证书,一级建造师资格,建筑专业一级建造师执业资格,一级建造师继续教育证书,国家一级建造师,一级注册建造师(建造)证书,一级建造师证书,全国一级建造师,一级建造师资格证书,一级建造职业资格,一级注册建造师,国家一级建造师证,国家一级注册建造师,国家注册一级建造师证书,一级建造师执业证书,一级建造师执业证,市政一级建造师执业资格,一级建造师师执业资格,建设部注册一级建造师,市政公用一级建造师,一级注册建造师证书,一级注册建造师执业证书,公路一级建造师执业资格,全国注册一级建造师资格,全国一级建造师执业资格证书,一级建"
技工类,给排水,工程测量员证,100836,"0/100717/100833/100836","工程测量员证,Engineering Surveyor Certificate"
生产制造类,CNC/数控,数控职业技能证,100839,"0/100837/100838/100839","数控职业技能证,CNC vocational skills certificate"
生产制造类,质量安全,国家注册质量工程师证,100841,"0/100837/100840/100841","国家注册质量工程师证,National Registered Quality Engineer Certificate"
生产制造类,质量安全,CCAA注册审核员证,100842,"0/100837/100840/100842","CCAA注册审核员证,CCAA Registered Auditor Certificate"
生产制造类,质量安全,质量管理体系工程师证,100843,"0/100837/100840/100843","质量管理体系工程师证,Quality Management System Engineer Certificate"
生产制造类,质量安全,质检员执业资格证,100844,"0/100837/100840/100844","质检员执业资格证,Quality inspector qualification certificate"
生产制造类,机电工程师,助理机电工程师证,100846,"0/100837/100845/100846","助理机电工程师证,Assistant Mechanical and Electrical Engineer Certificate"
生产制造类,机电工程师,中级机电工程师证,100847,"0/100837/100845/100847","中级机电工程师证,Intermediate Mechanical and Electrical Engineer Certificate"
生产制造类,机电工程师,高级机电工程师证,100848,"0/100837/100845/100848","高级机电工程师证,Senior Mechanical and Electrical Engineer Certificate"
生产制造类,精益工程师,六西格玛绿带证,100850,"0/100837/100849/100850","六西格玛绿带证,Six Sigma Green Belt Certificate"
生产制造类,精益工程师,六西格玛黑带证,100851,"0/100837/100849/100851","六西格玛黑带证,Six Sigma Black Belt Certificate"
生产制造类,动力系统工程师,注册动力工程师资格证,100853,"0/100837/100852/100853","注册动力工程师资格证,Registered Power Engineer Qualification Certificate"
生产制造类,服装打版师,初级,100855,"0/100837/100854/100855","初级,primary"
生产制造类,服装打版师,中级,100856,"0/100837/100854/100856","中级,intermediate"
生产制造类,服装打版师,高级,100857,"0/100837/100854/100857","高级,advanced"
生产制造类,服装打版师,技师,100858,"0/100837/100854/100858","技师,technician"
生产制造类,物流师职业资格证书,助理物流师,100860,"0/100837/100859/100860","物流师职业资格证书,助理物流师,物流师资格证,助理物流师证书,初级物流师资格证书,助理物流师资格证书,中级物流师证书,物流师职业资格,助理物流师证,中级物流师执业资格证,国家物流师证,物流师职业资格认证,高级物流师证,物流师资格证书,中级物流师资格,国家物流师资格证书,物流员,高级物流师职业资格证书,物流任职岗位证书,中级物流师资格证书,中级物流师资格证,国家物流师资格证,中级物流师职业资格证书,助理物流师职业资格证书,国家一级物流师,物流师,物流师职业资格证,物流师中级证书,高级物流师,物流师从业资格证,全国物流师证,全国物流师资格证书,物流师三级证书,中级物流师证,高级物流师证书,Assistant Logistician"
生产制造类,物流师职业资格证书,物流师,100861,"0/100837/100859/100861","物流师职业资格证书,物流师,物流师资格证,助理物流师证书,初级物流师资格证书,助理物流师资格证书,中级物流师证书,物流师职业资格,助理物流师证,中级物流师执业资格证,国家物流师证,物流师职业资格认证,高级物流师证,物流师资格证书,中级物流师资格,国家物流师资格证书,物流员,高级物流师职业资格证书,物流任职岗位证书,中级物流师资格证书,中级物流师资格证,国家物流师资格证,中级物流师职业资格证书,助理物流师职业资格证书,国家一级物流师,物流师职业资格证,物流师中级证书,高级物流师,物流师从业资格证,全国物流师证,全国物流师资格证书,物流师三级证书,中级物流师证,助理物流师,高级物流师证书,Logistician"
生产制造类,物流师职业资格证书,高级物流师,100862,"0/100837/100859/100862","高级物流师,物流师职业资格证书,物流师资格证,助理物流师证书,初级物流师资格证书,助理物流师资格证书,中级物流师证书,物流师职业资格,助理物流师证,中级物流师执业资格证,国家物流师证,物流师职业资格认证,高级物流师证,物流师资格证书,中级物流师资格,国家物流师资格证书,物流员,高级物流师职业资格证书,物流任职岗位证书,中级物流师资格证书,中级物流师资格证,国家物流师资格证,中级物流师职业资格证书,助理物流师职业资格证书,国家一级物流师,物流师,物流师职业资格证,物流师中级证书,物流师从业资格证,全国物流师证,全国物流师资格证书,物流师三级证书,中级物流师证,助理物流师,高级物流师证书,Senior Logistician"
生产制造类,机械设计/制造,模具制造工职业资格证,100864,"0/100837/100863/100864","模具制造工职业资格证,Mold maker professional qualification certificate"
生产制造类,机械设计/制造,机械工程师资格证,100865,"0/100837/100863/100865","机械工程师资格证,Mechanical Engineer Qualification Certificate"
生产制造类,机械设计/制造,助理机械工程师资格证,100866,"0/100837/100863/100866","助理机械工程师资格证,Assistant Mechanical Engineer Qualification Certificate"
生产制造类,机械设计/制造,高级机械工程师资格证,100867,"0/100837/100863/100867","高级机械工程师资格证,Senior Mechanical Engineer Qualification Certificate"
市场类,--,营销师资格证,100870,"0/100868/100869/100870","营销师资格证,Marketing Qualification Certificate"
旅游类,导游员资格证,导游员资格证,100873,"0/100871/100872/100873","全国导游资格证,全国导游人员资格证书,导游人员资格证书,导游员资格证,全国导游员资格证,国家导游资格证书,导游资格证书,全国导游资格证书,导游资格证,Tour guide qualification certificate"
旅游类,导游证,导游证,100875,"0/100871/100874/100875","导游证,导游资格证,Tour guide certificate"
旅游类,--,外语导游证,100877,"0/100871/100876/100877","外语导游证,Foreign language tour guide certificate"
旅游类,--,海外领队证,100878,"0/100871/100876/100878","海外领队证,Overseas tour leader certificate"
旅游类,旅游计调师证,旅游计调师证,100880,"0/100871/100879/100880","旅游计调师证,Tourism planner certificate"
旅游类,国际饭店业高级职业经理人资格证书,国际饭店业高级职业经理人资格证书,100882,"0/100871/100881/100882","国际饭店业高级职业经理人资格证书,Qualification Certificate for Senior Professional Managers in International Hotel Industry"
传媒类,演出经纪人资格证,演出经纪人资格证,100885,"0/100883/100884/100885","演出经纪人资格证,演出经纪人证,演出经纪人资格证书,演出经纪资格证,中国演艺经纪人资格证,演出经纪人证书,Performance Agent Qualification Certificate"
传媒类,新闻从业资格证,新闻从业资格证,100887,"0/100883/100886/100887","新闻从业资格证,Journalism practice qualification certificate"
传媒类,记者资格证书,记者资格证书,100889,"0/100883/100888/100889","记者资格证书,Journalist Qualification Certificate"
农/林/牧/渔类,农艺师,农艺师证书,100892,"0/100890/100891/100892","农艺师证书,Agronomist Certificate"
农/林/牧/渔类,农艺师,高级农艺师证书,100893,"0/100890/100891/100893","高级农艺师证书,Senior Agronomist Certificate"
农/林/牧/渔类,--,园艺师证书,100895,"0/100890/100894/100895","园艺师证书,园艺师,Horticulturist Certificate"
农/林/牧/渔类,--,农资营销师证书,100896,"0/100890/100894/100896","农资营销师证书,Agricultural Materials Marketing Certificate"
农/林/牧/渔类,--,园林绿化工程师证书,100897,"0/100890/100894/100897","园林绿化工程师证书,Landscaping Greening Engineer Certificate"
农/林/牧/渔类,--,农业职业经理人证书,100898,"0/100890/100894/100898","农业职业经理人证书,Agricultural Professional Manager Certificate"
农/林/牧/渔类,--,农业技术指导师证书,100899,"0/100890/100894/100899","农业技术指导师证书,Agricultural Technical Instructor Certificate"
农/林/牧/渔类,--,食品质量管理师证书,100900,"0/100890/100894/100900","食品质量管理师证书,Food Quality Manager Certificate"
农/林/牧/渔类,--,农林规划师证书,100901,"0/100890/100894/100901","农林规划师证书,Agricultural and Forestry Planner Certificate"
农/林/牧/渔类,--,执业兽医师资格证,100902,"0/100890/100894/100902","执业兽医师资格证,Licensed veterinarian qualification certificate"
农/林/牧/渔类,--,执业助理兽医师资格证,100903,"0/100890/100894/100903","执业助理兽医师资格证,Licensed Assistant Veterinarian Qualification Certificate"
农/林/牧/渔类,--,花艺师证书,100904,"0/100890/100894/100904","花艺师证书,Florist Certificate"
农/林/牧/渔类,--,林业有害生物防治员证书,100905,"0/100890/100894/100905","林业有害生物防治员证书,Forestry Pest Control Worker Certificate"
农/林/牧/渔类,--,农作物植保员证书,100906,"0/100890/100894/100906","农作物植保员证书,Crop Protection Officer Certificate"
农/林/牧/渔类,--,森林消防员证书,100907,"0/100890/100894/100907","森林消防员证书,Forest firefighter certificate"
农/林/牧/渔类,--,远洋渔业资质证书,100908,"0/100890/100894/100908","远洋渔业资质证书,Offshore fishing qualification certificate"
环保类,--,环评工程师证书,100911,"0/100909/100910/100911","环评工程师证书,Environmental Assessment Engineer Certificate"
环保类,--,环保工程师证书,100912,"0/100909/100910/100912","环保工程师证,环保工程师证书,环保注册工程师证书,Environmental Protection Engineer Certificate"
特殊类,经营师,助理经营师,100915,"0/100913/100914/100915","助理经营师,Assistant Business Manager"
特殊类,经营师,经营师,100916,"0/100913/100914/100916","经营师,Business Manager"
特殊类,经营师,高级经营师,100917,"0/100913/100914/100917","高级经营师,Senior Business Manager"
特殊类,厨师证,初级厨师证,100919,"0/100913/100918/100919","厨师,初级厨师证,厨师高级技师,高级厨师证,中级厨师证,厨师技师,Junior chef certificate"
特殊类,厨师证,中级厨师证,100920,"0/100913/100918/100920","厨师,中级厨师证,厨师高级技师,高级厨师证,厨师技师,初级厨师证,Intermediate chef certificate"
特殊类,厨师证,高级厨师证,100921,"0/100913/100918/100921","高级厨师证,厨师,厨师高级技师,中级厨师证,厨师技师,初级厨师证,Senior chef certificate"
特殊类,厨师证,技师厨师证,100922,"0/100913/100918/100922","技师厨师证,厨师,厨师技师,Technician chef certificate"
特殊类,厨师证,高级技师厨师证,100923,"0/100913/100918/100923","厨师高级技师,厨师,高级技师厨师证,Senior Technician Chef Certificate"
特殊类,--,退伍证,100925,"0/100913/100924/100925","退伍证,Military Discharge Certificate"
特殊类,保安证,保安员职业资格证,100927,"0/100913/100926/100927","保安员职业资格证,Security guard professional qualification certificate"
特殊类,保安证,高级保安员职业资格证,100928,"0/100913/100926/100928","高级保安员职业资格证,Senior Security Guard Professional Qualification Certificate"
特殊类,保安证,保安师职业资格证,100929,"0/100913/100926/100929","保安师职业资格证,Security Supervisor professional qualification certificate"
特殊类,保安证,高级保安师职业资格证,100930,"0/100913/100926/100930","高级保安师职业资格证,Senior Security Supervisor Professional Qualification Certificate"
交通运输类,道路运输从业资格证,经营性道路客货运输,100933,"0/100931/100932/100933","经营性道路客货运输,Operational road passenger and freight transport"
交通运输类,道路运输从业资格证,道路危险货物运输,100934,"0/100931/100932/100934","道路危险货物运输,危险物品运输证,Road Hazardous Goods Transport"
交通运输类,道路运输从业资格证,危险货物运输装卸管理和押运,100935,"0/100931/100932/100935","危险货物运输装卸管理和押运,Dangerous goods transportation loading and unloading management and escort"
交通运输类,道路运输从业资格证,机动车维修技术人员,100936,"0/100931/100932/100936","机动车维修技术人员,Motor vehicle maintenance technician"
交通运输类,道路运输从业资格证,机动车驾驶培训教练员,100937,"0/100931/100932/100937","机动车驾驶培训教练员,Motor vehicle driving training instructor"
交通运输类,机动车检测维修专业技术人员职业水平证,机动车检测维修士,100939,"0/100931/100938/100939","机动车检测维修士,Motor vehicle inspection and maintenance technician"
交通运输类,机动车检测维修专业技术人员职业水平证,机动车检测维修工程师,100940,"0/100931/100938/100940","机动车检测维修工程师,Motor vehicle inspection and maintenance engineer"
交通运输类,机动车驾驶培训教练员证,理论教练员证,100942,"0/100931/100941/100942","理论教练员证,Theoretical coach certificate"
交通运输类,机动车驾驶培训教练员证,驾驶操作教练员证,100943,"0/100931/100941/100943","驾驶操作教练员证,Driving operation instructor certificate"
交通运输类,机动车驾驶培训教练员证,客货运输教练员证,100944,"0/100931/100941/100944","客货运输教练员证,Passenger and freight transport instructor certificate"
交通运输类,机动车驾驶培训教练员证,危险货物运输教练员证,100945,"0/100931/100941/100945","危险货物运输教练员证,Dangerous Goods Transport Instructor Certificate"
会计类,--,CTA注册税务师,100946,"0/100285/100316/100946","CTA注册税务师,注册税务师,CTA"
审计类,--,CISM国际信息安全经理,100947,"0/100322/100323/100947","CISM国际信息安全经理,国际信息安全经理,CISM"
金融类,--,香港注册会计师,100948,"0/100345/100346/100948","香港注册会计师,香港会计师,HKICPA,Hong Kong Certified Public Accountant"
游泳教练,资格证书,游泳教练证,109356,"0/109331/109355/109356","游泳教练证,Swimming coach certificate"
游泳教练,资格证书,游泳裁判员证,109357,"0/109331/109355/109357","游泳裁判员证,Swimming referee certificate"
游泳教练,资格证书,游泳运动员证,109358,"0/109331/109355/109358","游泳运动员证,Swimming Athlete Certificate"
游泳教练,资格证书,游泳教练员证,109359,"0/109331/109355/109359","游泳教练员证,Swimming coach certificate"
网约车司机,资格证书,B1驾驶证,109421,"0/109419/109420/109421","B1驾驶证,B1 Driving License"
网约车司机,资格证书,A3驾驶证,109422,"0/109419/109420/109422","A3驾驶证,A3 Driving License"
网约车司机,资格证书,A2驾驶证,109423,"0/109419/109420/109423","A2驾驶证,A2 Driving License"
网约车司机,资格证书,驾驶证,109424,"0/109419/109420/109424","驾驶证,Driver's license"
网约车司机,资格证书,C2驾驶证,109425,"0/109419/109420/109425","C2驾驶证,C2 Driving License"
网约车司机,资格证书,C1驾驶证,109426,"0/109419/109420/109426","C1驾驶证,C1 Driving License"
网约车司机,资格证书,A1驾驶证,109427,"0/109419/109420/109427","A1驾驶证,A1 Driving License"
网约车司机,资格证书,B2驾驶证,109428,"0/109419/109420/109428","B2驾驶证,B2 Driving License"
代驾司机,资格证书,B1驾驶证,109431,"0/109429/109430/109431","B1驾驶证,B1 Driving License"
代驾司机,资格证书,A3驾驶证,109432,"0/109429/109430/109432","A3驾驶证,A3 Driving License"
代驾司机,资格证书,A2驾驶证,109433,"0/109429/109430/109433","A2驾驶证,A2 Driving License"
代驾司机,资格证书,驾驶证,109434,"0/109429/109430/109434","驾驶证,Driver's license"
代驾司机,资格证书,C2驾驶证,109435,"0/109429/109430/109435","C2驾驶证,C2 Driving License"
代驾司机,资格证书,C1驾驶证,109436,"0/109429/109430/109436","C1驾驶证,C1 Driving License"
代驾司机,资格证书,A1驾驶证,109437,"0/109429/109430/109437","A1驾驶证,A1 Driving License"
代驾司机,资格证书,B2驾驶证,109438,"0/109429/109430/109438","B2驾驶证,B2 Driving License"
驾校教练,资格证书,B1驾驶证,109441,"0/109439/109440/109441","B1驾驶证,B1 Driving License"
驾校教练,资格证书,A3驾驶证,109442,"0/109439/109440/109442","A3驾驶证,A3 Driving License"
驾校教练,资格证书,A2驾驶证,109443,"0/109439/109440/109443","A2驾驶证,A2 Driving License"
驾校教练,资格证书,驾驶证,109444,"0/109439/109440/109444","驾驶证,Driver's license"
驾校教练,资格证书,C2驾驶证,109445,"0/109439/109440/109445","C2驾驶证,C2 Driving License"
驾校教练,资格证书,C1驾驶证,109446,"0/109439/109440/109446","C1驾驶证,C1 Driving License"
驾校教练,资格证书,A1驾驶证,109447,"0/109439/109440/109447","A1驾驶证,A1 Driving License"
驾校教练,资格证书,B2驾驶证,109448,"0/109439/109440/109448","B2驾驶证,B2 Driving License"
驾校教练,资格证书,驾驶操作教练员证,109449,"0/109439/109440/109449","驾驶操作教练员证,Driving instructor certificate"
驾校教练,资格证书,客货教练员证,109450,"0/109439/109440/109450","客货教练员证,Passenger and cargo trainer certificate"
驾校教练,资格证书,危货教练员证,109451,"0/109439/109440/109451","危货教练员证,Dangerous goods vehicle trainer certificate"
